snapshot_utc,mmsi,name,imo,ship_type,loa,beam,draught_m,lat,lon,sog,nav_status,terminal,berth_sub,at_berth,likely_lng_carrier,destination,n_pos,first_seen,last_seen
2026-09-01T11:37:38+00:00,244700666,EZRA,,,,,,51.97253166666667,4.115565,0.0,0,gate,,False,False,,3,2026-09-01 11:37:36.69092837 +0000 UTC,2026-09-01 11:41:46.242140042 +0000 UTC
2026-09-01T11:37:38+00:00,244820200,RHENUS,,,,,,51.93042166666667,4.04545,0.0,0,gate,,False,False,,5,2026-09-01 11:37:37.041607032 +0000 UTC,2026-09-01 11:46:08.353734446 +0000 UTC
2026-09-01T11:37:38+00:00,209276000,ELBWAVE,,,,,,52.00960666666666,3.9934916666666664,16.3,0,gate,,False,False,,1,2026-09-01 11:37:37.754349977 +0000 UTC,2026-09-01 11:37:37.754349977 +0000 UTC
2026-09-01T11:37:38+00:00,227975290,BENTHOS,,,,,,49.474538333333335,0.13386166666666668,0.0,0,lehavre,,False,False,,4,2026-09-01 11:37:39.383172061 +0000 UTC,2026-09-01 11:45:39.569381925 +0000 UTC
2026-09-01T11:37:38+00:00,244730125,KRVE 62,,,,,,51.960051666666665,4.090536666666667,0.0,0,gate,,False,False,,3,2026-09-01 11:37:40.305615983 +0000 UTC,2026-09-01 11:39:50.235061367 +0000 UTC
2026-09-01T11:37:38+00:00,244750018,RELINQUENDA,,,,,,53.441615,6.855196666666667,0.0,5,eems,eems,True,False,,1,2026-09-01 11:37:41.798826487 +0000 UTC,2026-09-01 11:37:41.798826487 +0000 UTC
2026-09-01T11:37:38+00:00,205573990,SAINT TROPEZ,,,,,,51.93725,4.077376666666667,0.0,5,gate,,False,False,,1,2026-09-01 11:37:42.684087398 +0000 UTC,2026-09-01 11:37:42.684087398 +0000 UTC
2026-09-01T11:37:38+00:00,228055080,LH PILOT ST HONORINE,,,,,,49.48384,0.11300166666666667,0.0,12,lehavre,,False,False,,5,2026-09-01 11:37:43.623000961 +0000 UTC,2026-09-01 11:42:12.475263374 +0000 UTC
2026-09-01T11:37:38+00:00,218001440,JD EAGLE,,,,,,53.516443333333335,8.141155,0.0,5,wilhelmshaven,wilhelmshaven,True,False,,2,2026-09-01 11:37:43.638213441 +0000 UTC,2026-09-01 11:40:43.580358937 +0000 UTC
2026-09-01T11:37:38+00:00,219032375,SERVER,,,,,,53.513463333333334,8.149928333333333,0.0,5,wilhelmshaven,,False,False,,1,2026-09-01 11:37:43.639367079 +0000 UTC,2026-09-01 11:37:43.639367079 +0000 UTC
2026-09-01T11:37:38+00:00,255916110,FAIRPLAY XI,,,,,,51.97153,4.10466,7.4,0,gate,,False,False,,3,2026-09-01 11:37:44.035715827 +0000 UTC,2026-09-01 11:41:45.158445365 +0000 UTC
2026-09-01T11:37:38+00:00,246255000,ENSEMBLE,9312212.0,70.0,134.0,21.0,6.7,51.34930333333333,3.190985,0.0,5,zeebrugge,zeebrugge,True,False,BEZEE,1,2026-09-01 11:37:44.136800738 +0000 UTC,2026-09-01 11:40:26.14468465 +0000 UTC
2026-09-01T11:37:38+00:00,205545000,VB PANDA,,,,,,51.33005,3.197045,102.3,0,zeebrugge,,False,False,,2,2026-09-01 11:37:45.267169866 +0000 UTC,2026-09-01 11:40:24.9763329 +0000 UTC
2026-09-01T11:37:38+00:00,244770079,NEW JERSEY,9367918.0,80.0,98.0,14.0,4.0,51.343046666666666,3.1928316666666663,0.0,0,zeebrugge,zeebrugge,True,False,ZEEBRUGGE,2,2026-09-01 11:37:45.652289635 +0000 UTC,2026-09-01 11:42:41.589570472 +0000 UTC
2026-09-01T11:37:38+00:00,245463000,VB SEAL,,,,,,51.96155666666667,4.1398383333333335,0.0,5,gate,,False,False,,1,2026-09-01 11:37:45.679133654 +0000 UTC,2026-09-01 11:37:45.679133654 +0000 UTC
2026-09-01T11:37:38+00:00,211466070,VB HUNTE,,,,,,53.517678333333336,8.140933333333333,0.0,0,wilhelmshaven,wilhelmshaven,True,False,,1,2026-09-01 11:37:46.968754997 +0000 UTC,2026-09-01 11:37:46.968754997 +0000 UTC
2026-09-01T11:37:38+00:00,211318180,VB BERNE,8500422.0,52.0,28.0,8.0,4.5,53.53925,8.16469,0.0,0,wilhelmshaven,,False,False,WILHELMSHAVEN,1,2026-09-01 11:37:46.970396552 +0000 UTC,2026-09-01 11:38:37.661799893 +0000 UTC
2026-09-01T11:37:38+00:00,211188260,FRIESLAND,9963358.0,55.0,55.0,10.0,2.6,53.53451,8.160831666666667,0.0,5,wilhelmshaven,,False,False,COASTGUARD,1,2026-09-01 11:37:46.972106579 +0000 UTC,2026-09-01 11:40:59.180226966 +0000 UTC
2026-09-01T11:37:38+00:00,205588290,CAMPARI,,,,,,51.35248833333333,3.192041666666667,0.0,5,zeebrugge,zeebrugge,True,False,,2,2026-09-01 11:37:47.844610235 +0000 UTC,2026-09-01 11:40:47.775683269 +0000 UTC
2026-09-01T11:37:38+00:00,244037416,VIGILIA II,,,,,,51.96082166666667,4.110715,0.3,0,gate,,False,False,,3,2026-09-01 11:37:49.349929448 +0000 UTC,2026-09-01 11:41:06.934327633 +0000 UTC
2026-09-01T11:37:38+00:00,226340000,SANDVIKEN,9803649.0,80.0,130.0,21.0,7.0,49.47394833333333,0.11390166666666666,0.0,5,lehavre,,False,False,FR LEH,1,2026-09-01 11:37:49.83773089 +0000 UTC,2026-09-01 11:39:52.366052335 +0000 UTC
2026-09-01T11:37:38+00:00,236752000,NJORD SHACKLETON,1036381.0,40.0,32.0,10.0,1.6,53.44439,6.828213333333333,0.1,0,eems,,False,False,EEMSHAVEN,2,2026-09-01 11:37:50.320420643 +0000 UTC,2026-09-01 11:45:12.500066201 +0000 UTC
2026-09-01T11:37:38+00:00,232052057,SVITZER ESTELLE,9984144.0,52.0,32.0,12.0,6.0,51.424859999999995,0.7046033333333334,0.0,1,grain,,False,False,THAMES,1,2026-09-01 11:37:50.79231402 +0000 UTC,2026-09-01 11:39:45.675670204 +0000 UTC
2026-09-01T11:37:38+00:00,244660394,BURGEL,,,,,,51.97665833333333,4.003556666666666,8.4,0,gate,,False,False,,4,2026-09-01 11:37:50.796392717 +0000 UTC,2026-09-01 11:46:20.625822893 +0000 UTC
2026-09-01T11:37:38+00:00,244710739,DRAGA,,,,,,51.950383333333335,4.070368333333334,0.0,0,gate,,False,False,,1,2026-09-01 11:37:50.965822744 +0000 UTC,2026-09-01 11:37:50.965822744 +0000 UTC
2026-09-01T11:37:38+00:00,245425000,VB EBRO,,,,,,51.961400000000005,4.140066666666667,0.0,0,gate,,False,False,,1,2026-09-01 11:37:53.346595206 +0000 UTC,2026-09-01 11:37:53.346595206 +0000 UTC
2026-09-01T11:37:38+00:00,245987000,WATERLINES,,,,,,53.44493333333333,6.8243,0.0,0,eems,,False,False,,1,2026-09-01 11:37:53.672278062 +0000 UTC,2026-09-01 11:37:53.672278062 +0000 UTC
2026-09-01T11:37:38+00:00,205306000,Z18 SOETKIN,,,,,,51.32368833333333,3.200598333333333,0.0,7,zeebrugge,,False,False,,3,2026-09-01 11:37:54.377412892 +0000 UTC,2026-09-01 11:42:04.463693703 +0000 UTC
2026-09-01T11:37:38+00:00,636019973,KATJA OLDENDORFF,,,,,,51.936490000000006,4.04876,0.0,5,gate,,False,False,,1,2026-09-01 11:37:54.754997192 +0000 UTC,2026-09-01 11:37:54.754997192 +0000 UTC
2026-09-01T11:37:38+00:00,211474330,GOOR 2,0.0,34.0,16.0,5.0,2.4,53.52339666666667,8.155748333333333,6.5,0,wilhelmshaven,wilhelmshaven,False,False,WILHELMSHAVEN,4,2026-09-01 11:37:55.693672265 +0000 UTC,2026-09-01 11:41:17.557757342 +0000 UTC
2026-09-01T11:37:38+00:00,244030023,HEBO-CAT 5,,,,,,51.961965,4.138446666666667,0.0,0,gate,,False,False,,2,2026-09-01 11:37:56.546759194 +0000 UTC,2026-09-01 11:45:56.186570329 +0000 UTC
2026-09-01T11:37:38+00:00,205545990,SOPHIE ISABELL,,,,,,51.94663166666667,4.031873333333333,0.0,5,gate,,False,False,,1,2026-09-01 11:37:57.006639393 +0000 UTC,2026-09-01 11:37:57.006639393 +0000 UTC
2026-09-01T11:37:38+00:00,636019366,GSL SUSAN,9349617.0,70.0,264.0,32.0,10.4,51.949083333333334,4.060795,0.0,5,gate,,False,False,NLRTM,1,2026-09-01 11:37:57.861166281 +0000 UTC,2026-09-01 11:40:47.677140055 +0000 UTC
2026-09-01T11:37:38+00:00,205546000,VB  KOALA,9502714.0,52.0,33.0,13.0,3.0,51.330495,3.19685,0.0,0,zeebrugge,,False,False,BEZEE,2,2026-09-01 11:37:59.821685556 +0000 UTC,2026-09-01 11:45:58.755065597 +0000 UTC
2026-09-01T11:37:38+00:00,255771000,BG RUBY,,,,,,47.29479,-2.15687,0.0,5,montoir,,False,False,,1,2026-09-01 11:38:00.110291449 +0000 UTC,2026-09-01 11:38:00.110291449 +0000 UTC
2026-09-01T11:37:38+00:00,377191000,VB FENIX,,,,,,51.959981666666664,4.009943333333333,0.0,0,gate,,False,False,,2,2026-09-01 11:38:03.166686719 +0000 UTC,2026-09-01 11:40:05.109460399 +0000 UTC
2026-09-01T11:37:38+00:00,205517890,MEERBOOT IV,0.0,31.0,13.0,6.0,0.0,51.33044833333334,3.201661666666667,0.0,0,zeebrugge,,False,False,,2,2026-09-01 11:38:05.82003679 +0000 UTC,2026-09-01 11:41:46.4435167 +0000 UTC
2026-09-01T11:37:38+00:00,244731659,SECEDA,,,,,,51.93691166666667,4.109048333333333,6.4,0,gate,,False,False,,3,2026-09-01 11:38:06.262063988 +0000 UTC,2026-09-01 11:46:16.910805948 +0000 UTC
2026-09-01T11:37:38+00:00,227752910,LH PILOT ST CECILE,,,,,,49.484096666666666,0.11339333333333333,0.0,0,lehavre,,False,False,,3,2026-09-01 11:38:06.34865118 +0000 UTC,2026-09-01 11:46:07.06281407 +0000 UTC
2026-09-01T11:37:38+00:00,244860469,NEPTUNUS 10,0.0,99.0,14.0,4.0,0.0,51.9528,4.125201666666666,0.0,0,gate,,False,False,HAVENWERK ROTTERDAM,3,2026-09-01 11:38:06.449614422 +0000 UTC,2026-09-01 11:46:08.472469138 +0000 UTC
2026-09-01T11:37:38+00:00,205019000,VB BOLERO,9889526.0,52.0,28.0,13.0,6.2,51.337725,3.2131233333333333,0.9,5,zeebrugge,,False,False,ZEEBRUGGE,3,2026-09-01 11:38:06.501000096 +0000 UTC,2026-09-01 11:41:06.886711531 +0000 UTC
2026-09-01T11:37:38+00:00,230697000,FINNECO II,,,,,,51.3545,3.1766266666666665,0.1,5,zeebrugge,zeebrugge,True,False,,1,2026-09-01 11:38:06.940184955 +0000 UTC,2026-09-01 11:38:06.940184955 +0000 UTC
2026-09-01T11:37:38+00:00,211401960,OSTERIFF,,,,,,53.522223333333336,8.14986,0.0,5,wilhelmshaven,wilhelmshaven,True,False,,1,2026-09-01 11:38:07.321555373 +0000 UTC,2026-09-01 11:38:07.321555373 +0000 UTC
2026-09-01T11:37:38+00:00,211328230,HARLE PRIEL,,,,,,53.55931666666667,8.167833333333332,4.2,0,wilhelmshaven,,False,False,,3,2026-09-01 11:38:08.170335714 +0000 UTC,2026-09-01 11:42:22.807422926 +0000 UTC
2026-09-01T11:37:38+00:00,243990529,DEEP LOCUS,,,,,,53.44447,6.82633,0.0,0,eems,,False,False,,4,2026-09-01 11:38:10.242305547 +0000 UTC,2026-09-01 11:42:31.112549062 +0000 UTC
2026-09-01T11:37:38+00:00,563179100,EA GANNET,9937476.0,70.0,172.0,24.0,9.2,51.97114,4.03415,8.2,0,gate,,False,False,NLRTM,1,2026-09-01 11:38:13.211502035 +0000 UTC,2026-09-01 11:38:16.751062751 +0000 UTC
2026-09-01T11:37:38+00:00,255917267,FAIRPLAY-95,,,,,,51.96658166666667,4.0553566666666665,6.8,0,gate,,False,False,,6,2026-09-01 11:38:14.704786256 +0000 UTC,2026-09-01 11:45:10.955976873 +0000 UTC
2026-09-01T11:37:38+00:00,227006780,VB SAINTE-ADRESSE 25,,,,,,49.46373333333334,0.12143666666666666,0.0,15,lehavre,,False,False,,5,2026-09-01 11:38:14.995820776 +0000 UTC,2026-09-01 11:41:44.955971672 +0000 UTC
2026-09-01T11:37:38+00:00,244650575,NOOITGEDACHT,,,,,,51.96619,4.139191666666666,6.4,0,gate,,False,False,,2,2026-09-01 11:38:15.637036989 +0000 UTC,2026-09-01 11:40:25.259501686 +0000 UTC
2026-09-01T11:37:38+00:00,244040891,PETRAN,,,,,,51.956556666666664,4.083091666666666,8.4,5,gate,,False,False,,4,2026-09-01 11:38:17.014210988 +0000 UTC,2026-09-01 11:46:27.365551671 +0000 UTC
2026-09-01T11:37:38+00:00,21138110,FRIEDRICH A. MEYER,,,,,,53.513135000000005,8.138591666666667,0.0,15,wilhelmshaven,,False,False,,1,2026-09-01 11:38:17.028076812 +0000 UTC,2026-09-01 11:38:17.028076812 +0000 UTC
2026-09-01T11:37:38+00:00,244010081,NAPOLI,,,,,,51.952729999999995,4.118781666666667,5.6,0,gate,,False,False,,4,2026-09-01 11:38:17.805384634 +0000 UTC,2026-09-01 11:46:28.397140077 +0000 UTC
2026-09-01T11:37:38+00:00,228394900,CMA CGM LOUVRE,9839143.0,71.0,400.0,62.0,16.0,49.456720000000004,0.17051166666666667,0.0,5,lehavre,,False,False,FRLEH,1,2026-09-01 11:38:18.067743384 +0000 UTC,2026-09-01 11:46:13.68382464 +0000 UTC
2026-09-01T11:37:38+00:00,245863000,YE-44 DENNIS,0.0,90.0,22.0,6.0,3.0,51.39145166666666,3.11767,3.4,5,zeebrugge,,False,False,,3,2026-09-01 11:38:18.219264955 +0000 UTC,2026-09-01 11:46:08.685096073 +0000 UTC
2026-09-01T11:37:38+00:00,218321000,FAIRPLAY-38,9429560.0,52.0,33.0,13.0,6.0,53.533833333333334,8.160333333333334,0.1,0,wilhelmshaven,,False,False,DEWVN WILHELMSHAVEN,3,2026-09-01 11:38:18.327856081 +0000 UTC,2026-09-01 11:46:16.120391309 +0000 UTC
2026-09-01T11:37:38+00:00,235117181,MCS SWATH 1,,,,,,53.444716666666665,6.825786666666667,0.0,5,eems,,False,False,,1,2026-09-01 11:38:18.678189184 +0000 UTC,2026-09-01 11:38:18.678189184 +0000 UTC
2026-09-01T11:37:38+00:00,205576190,SEAFORD,,,,,,51.33755333333333,3.190768333333333,0.0,5,zeebrugge,,False,False,,2,2026-09-01 11:38:18.699627669 +0000 UTC,2026-09-01 11:41:18.93296617 +0000 UTC
2026-09-01T11:37:38+00:00,244670429,ARCILLA,0.0,20.0,110.0,12.0,0.0,51.95710666666666,4.119446666666667,0.0,5,gate,,False,False,,1,2026-09-01 11:38:20.254899506 +0000 UTC,2026-09-01 11:41:10.56773425 +0000 UTC
2026-09-01T11:37:38+00:00,231917000,KOBE PIONIER,,,,,,53.87840166666667,9.225178333333334,14.2,0,brunsbuettel,,False,False,,2,2026-09-01 11:38:21.007610095 +0000 UTC,2026-09-01 11:39:15.542339399 +0000 UTC
2026-09-01T11:37:38+00:00,211216480,FAIRPLAY-54,,,,,,53.65298,9.510848333333334,0.0,0,stade,stade,True,False,,4,2026-09-01 11:38:22.196946404 +0000 UTC,2026-09-01 11:46:23.025633561 +0000 UTC
2026-09-01T11:37:38+00:00,255915699,FAIRPLAY-92,,,,,,51.964270000000006,4.0940216666666664,0.1,8,gate,,False,False,,2,2026-09-01 11:38:22.285921315 +0000 UTC,2026-09-01 11:40:43.373648425 +0000 UTC
2026-09-01T11:37:38+00:00,244620946,VEERHAVEN IX,0.0,79.0,117.0,23.0,1.8,51.932763333333334,4.041885,2.4,0,gate,,False,False,HARTELHAVEN,3,2026-09-01 11:38:22.577400014 +0000 UTC,2026-09-01 11:45:57.659350319 +0000 UTC
2026-09-01T11:37:38+00:00,245444000,KRVE 87,,,,,,51.94875833333333,4.149016666666666,0.0,0,gate,,False,False,,2,2026-09-01 11:38:22.93712565 +0000 UTC,2026-09-01 11:39:33.92079575 +0000 UTC
2026-09-01T11:37:38+00:00,244650394,VL5,,,,,,51.96304666666666,4.133795,6.3,5,gate,,False,False,,3,2026-09-01 11:38:23.141548927 +0000 UTC,2026-09-01 11:42:02.328838244 +0000 UTC
2026-09-01T11:37:38+00:00,255915799,FAIRPLAY X,,,,,,51.964211666666664,4.094491666666666,0.0,0,gate,,False,False,,2,2026-09-01 11:38:23.608720093 +0000 UTC,2026-09-01 11:42:23.49726882 +0000 UTC
2026-09-01T11:37:38+00:00,246849000,TEUNIS HUIBERTUS,,,,,,53.88796166666667,9.133158333333334,1.5,0,brunsbuettel,,False,False,,4,2026-09-01 11:38:24.527751358 +0000 UTC,2026-09-01 11:42:34.422992092 +0000 UTC
2026-09-01T11:37:38+00:00,205601000,BENGEL,9865611.0,33.0,95.0,20.0,3.0,51.37499666666667,3.20986,9.4,0,zeebrugge,,False,False,BEZEE<>BEANR,1,2026-09-01 11:38:26.571766755 +0000 UTC,2026-09-01 11:45:14.12508969 +0000 UTC
2026-09-01T11:37:38+00:00,205252000,VLAANDEREN 8,9198214.0,33.0,66.0,12.0,1.9,51.32026333333333,3.1923766666666666,0.0,5,zeebrugge,,False,False,GBARS->BEZEE,1,2026-09-01 11:38:29.178601065 +0000 UTC,2026-09-01 11:40:35.824000247 +0000 UTC
2026-09-01T11:37:38+00:00,244780976,RVE 33,,,,,,51.96241,4.137875,0.0,0,gate,,False,False,,2,2026-09-01 11:38:29.956782668 +0000 UTC,2026-09-01 11:39:30.195937037 +0000 UTC
2026-09-01T11:37:38+00:00,229077000,FAUSTINE,,,,,,51.34974166666667,3.18556,0.0,5,zeebrugge,zeebrugge,True,False,,2,2026-09-01 11:38:30.586614872 +0000 UTC,2026-09-01 11:41:30.596339021 +0000 UTC
2026-09-01T11:37:38+00:00,244757000,RPA 16,,,,,,51.96116333333334,4.089861666666667,0.0,0,gate,,False,False,,2,2026-09-01 11:38:30.846598834 +0000 UTC,2026-09-01 11:39:30.68821653 +0000 UTC
2026-09-01T11:37:38+00:00,244650102,GULF MAX,,,,,,53.457478333333334,6.818833333333333,0.0,0,eems,,False,False,,1,2026-09-01 11:38:32.858653908 +0000 UTC,2026-09-01 11:38:32.858653908 +0000 UTC
2026-09-01T11:37:38+00:00,227005270,VB SAINT MARC,,,,,,47.268225,-2.2012133333333335,0.0,0,montoir,,False,False,,1,2026-09-01 11:38:33.519429583 +0000 UTC,2026-09-01 11:38:33.519429583 +0000 UTC
2026-09-01T11:37:38+00:00,212848000,WESER STAHL,,,,,,51.93949333333333,4.061611666666667,0.0,5,gate,,False,False,,1,2026-09-01 11:38:35.604986905 +0000 UTC,2026-09-01 11:38:35.604986905 +0000 UTC
2026-09-01T11:37:38+00:00,244591000,HNLMS ZIERIKZEE,,,,,,51.336515,3.2010266666666665,0.1,5,zeebrugge,,False,False,,1,2026-09-01 11:38:35.641564395 +0000 UTC,2026-09-01 11:38:35.641564395 +0000 UTC
2026-09-01T11:37:38+00:00,244387115,SARDIUS,,,,,,51.961281666666665,3.9951849999999998,0.0,5,gate,,False,False,,1,2026-09-01 11:38:36.008290703 +0000 UTC,2026-09-01 11:38:36.008290703 +0000 UTC
2026-09-01T11:37:38+00:00,253726000,LES ALIZES,9911032.0,90.0,236.0,52.0,9.6,51.96904166666666,4.002353333333334,0.0,5,gate,,False,False,NL RTM,1,2026-09-01 11:38:36.235677898 +0000 UTC,2026-09-01 11:38:52.004942125 +0000 UTC
2026-09-01T11:37:38+00:00,228067800,VB OURAGAN,,,,,,47.267356666666664,-2.2017916666666664,0.0,0,montoir,,False,False,,4,2026-09-01 11:38:36.273300461 +0000 UTC,2026-09-01 11:46:12.717816486 +0000 UTC
2026-09-01T11:37:38+00:00,246543000,VB TIGER,,,,,,51.96073666666667,4.1416,0.0,0,gate,,False,False,,2,2026-09-01 11:38:36.416017913 +0000 UTC,2026-09-01 11:41:06.299801675 +0000 UTC
2026-09-01T11:37:38+00:00,205099000,PIETER COECKE,,,,,,51.32193333333333,3.202048333333333,0.0,0,zeebrugge,,False,False,,3,2026-09-01 11:38:36.513474579 +0000 UTC,2026-09-01 11:40:45.280590189 +0000 UTC
2026-09-01T11:37:38+00:00,255915686,FAIRPLAY-29,,,,,,51.95075833333333,4.145076666666666,0.1,0,gate,,False,False,,2,2026-09-01 11:38:37.333231523 +0000 UTC,2026-09-01 11:39:37.013450363 +0000 UTC
2026-09-01T11:37:38+00:00,235103165,LONDON TITAN,9670406.0,90.0,37.0,13.0,2.2,51.495131666666666,0.7357733333333333,1.5,0,grain,,False,False,GRAVESEND,4,2026-09-01 11:38:37.408729418 +0000 UTC,2026-09-01 11:46:05.005996585 +0000 UTC
2026-09-01T11:37:38+00:00,255854000,ANHOLT,,,,,,51.93359833333333,4.052455,0.0,5,gate,,False,False,,1,2026-09-01 11:38:38.018652135 +0000 UTC,2026-09-01 11:38:38.018652135 +0000 UTC
2026-09-01T11:37:38+00:00,253494000,VITUS BERING,,,,,,53.457271666666664,6.817871666666666,0.0,5,eems,,False,False,,1,2026-09-01 11:38:38.196470655 +0000 UTC,2026-09-01 11:38:38.196470655 +0000 UTC
2026-09-01T11:37:38+00:00,244628000,WARRIOR,,,,,,53.44479666666667,6.824376666666667,0.0,0,eems,,False,False,,1,2026-09-01 11:38:39.775118356 +0000 UTC,2026-09-01 11:38:39.775118356 +0000 UTC
2026-09-01T11:37:38+00:00,205291000,WARRIOR N-79,8545783.0,0.0,24.0,6.0,0.0,51.39545666666667,3.152201666666667,3.6,0,zeebrugge,,False,False,VLISSINGEN,3,2026-09-01 11:38:40.825009496 +0000 UTC,2026-09-01 11:46:08.686085758 +0000 UTC
2026-09-01T11:37:38+00:00,211784710,PILOT STEINBURG,,,,,,53.89026666666667,9.145901666666667,0.0,0,brunsbuettel,,False,False,,4,2026-09-01 11:38:42.072181762 +0000 UTC,2026-09-01 11:45:42.747885885 +0000 UTC
2026-09-01T11:37:38+00:00,310459000,ARCADIA,,,,,,51.340898333333335,3.2054766666666668,0.0,5,zeebrugge,,False,False,,2,2026-09-01 11:38:42.382681605 +0000 UTC,2026-09-01 11:41:43.988843757 +0000 UTC
2026-09-01T11:37:38+00:00,244328000,YE238 GEERTRUIDA,,,,,,51.39828333333333,3.177378333333333,3.8,0,zeebrugge,,False,False,,2,2026-09-01 11:38:42.465113557 +0000 UTC,2026-09-01 11:39:42.644614245 +0000 UTC
2026-09-01T11:37:38+00:00,228498900,TSM CHARENTE,,,,,,49.47634,0.10165500000000001,0.0,3,lehavre,lehavre,True,False,,4,2026-09-01 11:38:42.480944644 +0000 UTC,2026-09-01 11:46:03.955599601 +0000 UTC
2026-09-01T11:37:38+00:00,246759000,WATERSTROOM,,,,,,53.446553333333334,6.8302716666666665,0.1,0,eems,,False,False,,2,2026-09-01 11:38:42.684118827 +0000 UTC,2026-09-01 11:42:38.176390934 +0000 UTC
2026-09-01T11:37:38+00:00,244002225,MARLIJN,0.0,0.0,,,0.0,51.95021666666666,4.125405,0.0,15,gate,,False,False,,1,2026-09-01 11:38:43.166030616 +0000 UTC,2026-09-01 11:39:35.41978471 +0000 UTC
2026-09-01T11:37:38+00:00,244900124,VB MARS,9695509.0,52.0,32.0,12.0,5.5,51.95144833333333,4.144095,0.0,0,gate,,False,False,HARBOUR TOWAGE,2,2026-09-01 11:38:43.251789067 +0000 UTC,2026-09-01 11:45:46.207614556 +0000 UTC
2026-09-01T11:37:38+00:00,205654000,DN97,,,,,,51.33242833333334,3.197076666666667,9.7,0,zeebrugge,,False,False,,3,2026-09-01 11:38:44.673643822 +0000 UTC,2026-09-01 11:42:13.987538818 +0000 UTC
2026-09-01T11:37:38+00:00,211334410,BUETZFLETH,7720441.0,52.0,27.0,8.0,5.0,53.65271499999999,9.510846666666668,0.0,0,stade,stade,True,False,STADE,1,2026-09-01 11:38:45.342942792 +0000 UTC,2026-09-01 11:45:00.934123617 +0000 UTC
2026-09-01T11:37:38+00:00,205365700,PRESTO,0.0,79.0,83.0,12.0,2.6,51.38609666666667,3.2555566666666667,10.5,0,zeebrugge,,False,False,VLISSINGEN VAN CITTE,3,2026-09-01 11:38:45.699820205 +0000 UTC,2026-09-01 11:45:54.181825747 +0000 UTC
2026-09-01T11:37:38+00:00,244650016,PRONTO,,,,,,51.935860000000005,4.0515,8.5,0,gate,,False,False,,3,2026-09-01 11:38:46.87617674 +0000 UTC,2026-09-01 11:46:16.606513843 +0000 UTC
2026-09-01T11:37:38+00:00,235098066,GPS INDIA,,,,,,51.498648333333335,0.6064849999999999,7.2,0,grain,,False,False,,1,2026-09-01 11:38:47.651942523 +0000 UTC,2026-09-01 11:38:47.651942523 +0000 UTC
2026-09-01T11:37:38+00:00,253661000,SANDERUS,9830941.0,33.0,110.0,24.0,4.0,51.352563333333336,3.2062983333333337,2.2,3,zeebrugge,,False,False,ZEEBRUGGE,5,2026-09-01 11:38:48.465966793 +0000 UTC,2026-09-01 11:45:48.063772609 +0000 UTC
2026-09-01T11:37:38+00:00,232059673,SVITZER TIGER,,,,,,51.44638666666666,0.7428466666666667,0.0,0,grain,,False,False,,2,2026-09-01 11:38:49.249605143 +0000 UTC,2026-09-01 11:45:18.156010081 +0000 UTC
2026-09-01T11:37:38+00:00,205440270,INSPECTOR 125 MHU1,0.0,0.0,12.0,5.0,0.0,51.33588333333333,3.201023333333333,0.1,15,zeebrugge,,False,False,,1,2026-09-01 11:38:50.535651486 +0000 UTC,2026-09-01 11:45:39.35792259 +0000 UTC
2026-09-01T11:37:38+00:00,477168900,COSCO CAPRICORN,,,,,,51.97538833333333,4.0299016666666665,0.0,5,gate,,False,False,,1,2026-09-01 11:38:51.287089512 +0000 UTC,2026-09-01 11:38:51.287089512 +0000 UTC
2026-09-01T11:37:38+00:00,227006760,VB 21 FECAMP,9202728.0,52.0,36.0,11.0,0.0,49.463613333333335,0.12239666666666667,0.0,11,lehavre,,False,False,,3,2026-09-01 11:38:51.943103141 +0000 UTC,2026-09-01 11:46:18.917219877 +0000 UTC
2026-09-01T11:37:38+00:00,228267600,GAMBE D AMFARD,9375434.0,90.0,60.0,14.0,4.8,49.48424,0.120555,0.0,3,lehavre,,False,False,LE HAVRE,2,2026-09-01 11:38:52.339281259 +0000 UTC,2026-09-01 11:46:12.367114569 +0000 UTC
2026-09-01T11:37:38+00:00,227153950,PILOT BOAT LAMBARDE,,,,,,47.26231333333333,-2.2056533333333332,25.6,0,montoir,,False,False,,5,2026-09-01 11:38:52.368763349 +0000 UTC,2026-09-01 11:41:55.279916339 +0000 UTC
2026-09-01T11:37:38+00:00,246758000,WATERSTRAAT,,,,,,53.44583,6.829854999999999,0.2,0,eems,,False,False,,2,2026-09-01 11:38:53.029583105 +0000 UTC,2026-09-01 11:41:53.01817154 +0000 UTC
2026-09-01T11:37:38+00:00,245706000,VB PUMA,,,,,,51.96078333333333,4.141816666666666,0.0,0,gate,,False,False,,2,2026-09-01 11:38:53.992695262 +0000 UTC,2026-09-01 11:39:53.993796694 +0000 UTC
2026-09-01T11:37:38+00:00,211784720,PILOT DITHMARSCHEN,,,,,,53.88978833333333,9.145296666666667,0.0,0,brunsbuettel,,False,False,,2,2026-09-01 11:38:54.24556678 +0000 UTC,2026-09-01 11:45:13.649621135 +0000 UTC
2026-09-01T11:37:38+00:00,244100907,INNOVATIE,,,,,,51.97164166666666,4.044896666666667,0.1,5,gate,,False,False,,1,2026-09-01 11:38:54.719336106 +0000 UTC,2026-09-01 11:38:54.719336106 +0000 UTC
2026-09-01T11:37:38+00:00,235098061,SUPERIORITY,,,,,,51.499631666666666,0.6168283333333334,8.5,0,grain,,False,False,,2,2026-09-01 11:38:56.599912183 +0000 UTC,2026-09-01 11:39:56.395434455 +0000 UTC
2026-09-01T11:37:38+00:00,245255000,VB REBEL,,,,,,51.961325,4.140291666666666,0.0,0,gate,,False,False,,1,2026-09-01 11:38:58.424189088 +0000 UTC,2026-09-01 11:38:58.424189088 +0000 UTC
2026-09-01T11:37:38+00:00,244710183,PATRIJS,,,,,,51.955146666666664,4.117588333333333,3.1,0,gate,,False,False,,2,2026-09-01 11:38:58.592385284 +0000 UTC,2026-09-01 11:46:08.081384295 +0000 UTC
2026-09-01T11:37:38+00:00,244890853,FELIX,,,,,,53.88550166666666,9.170366666666666,4.2,0,brunsbuettel,brunsbuettel,False,False,,3,2026-09-01 11:38:58.608756088 +0000 UTC,2026-09-01 11:41:20.06275301 +0000 UTC
2026-09-01T11:37:38+00:00,211173020,WOERTH 1&2,0.0,99.0,193.0,12.0,1.6,51.96554166666667,4.141335,7.7,0,gate,,False,False,ROTTERDAM,4,2026-09-01 11:38:59.363402449 +0000 UTC,2026-09-01 11:42:34.877711892 +0000 UTC
2026-09-01T11:37:38+00:00,211279690,ELBCLEARING 3,0.0,52.0,21.0,6.0,2.4,53.653146666666665,9.511018333333334,0.0,0,stade,stade,True,False,ELBE RIVER,4,2026-09-01 11:38:59.716800369 +0000 UTC,2026-09-01 11:46:10.731664227 +0000 UTC
2026-09-01T11:37:38+00:00,244660108,MUREEN,,,,,,51.95710999999999,4.034465,0.0,5,gate,,False,False,,2,2026-09-01 11:38:59.891614942 +0000 UTC,2026-09-01 11:44:59.208368303 +0000 UTC
2026-09-01T11:37:38+00:00,244710358,AMENTO,,,,,,51.95733499999999,4.119421666666667,0.0,5,gate,,False,False,,1,2026-09-01 11:39:00.742511552 +0000 UTC,2026-09-01 11:39:00.742511552 +0000 UTC
2026-09-01T11:37:38+00:00,244150499,MIDDELBURG,,,,,,51.38373333333333,3.1618500000000003,11.3,0,zeebrugge,,False,False,,3,2026-09-01 11:39:01.680430638 +0000 UTC,2026-09-01 11:42:11.622415839 +0000 UTC
2026-09-01T11:37:38+00:00,244710106,JACOLIEN,,,,,,51.97248833333333,4.0510649999999995,0.0,0,gate,,False,False,,3,2026-09-01 11:39:03.043201776 +0000 UTC,2026-09-01 11:45:22.370397257 +0000 UTC
2026-09-01T11:37:38+00:00,205384790,AQUAPOLIS,0.0,79.0,135.0,18.0,2.0,51.959084999999995,4.01335,0.0,5,gate,,False,False,MAASVLAKTE HARTELHAV,2,2026-09-01 11:39:04.613712898 +0000 UTC,2026-09-01 11:41:18.413820398 +0000 UTC
2026-09-01T11:37:38+00:00,205109000,VB FLANDES,,,,,,51.336621666666666,3.213801666666667,0.0,8,zeebrugge,,False,False,,2,2026-09-01 11:39:04.849401989 +0000 UTC,2026-09-01 11:41:25.89547157 +0000 UTC
2026-09-01T11:37:38+00:00,215521000,ADELINA,9595785.0,70.0,180.0,30.0,10.0,51.50175,0.645495,9.1,0,grain,,False,False,LONDON,2,2026-09-01 11:39:07.195686235 +0000 UTC,2026-09-01 11:41:17.782414678 +0000 UTC
2026-09-01T11:37:38+00:00,246582000,RWS 74,,,,,,53.444766666666666,6.824933333333333,0.0,0,eems,,False,False,,3,2026-09-01 11:39:07.234711273 +0000 UTC,2026-09-01 11:41:47.328007029 +0000 UTC
2026-09-01T11:37:38+00:00,563076300,MAERSK GIRONDE,,,,,,51.953085,4.000811666666666,0.0,5,gate,,False,False,,1,2026-09-01 11:39:08.579217799 +0000 UTC,2026-09-01 11:39:08.579217799 +0000 UTC
2026-09-01T11:37:38+00:00,205248000,SOPHIE Z39,9899624.0,30.0,38.0,9.0,5.3,51.32214166666667,3.2016383333333334,0.0,7,zeebrugge,,False,False,FISHING GROUNDS,2,2026-09-01 11:39:08.689671623 +0000 UTC,2026-09-01 11:46:18.194837408 +0000 UTC
2026-09-01T11:37:38+00:00,538006315,HARVEST RAIN,,,,,,51.96113833333333,4.125076666666667,0.1,5,gate,,False,False,,1,2026-09-01 11:39:08.765756708 +0000 UTC,2026-09-01 11:39:08.765756708 +0000 UTC
2026-09-01T11:37:38+00:00,227004260,LYNX,,,,,,49.48384333333333,0.11958,0.0,5,lehavre,,False,False,,1,2026-09-01 11:39:08.768961994 +0000 UTC,2026-09-01 11:39:08.768961994 +0000 UTC
2026-09-01T11:37:38+00:00,215754000,LNGSHIPS EMPRESS,9875800.0,80.0,293.0,46.0,10.5,51.43193333333333,0.7017016666666667,0.0,5,grain,,False,True,FOR ORDER,1,2026-09-01 11:39:11.754062514 +0000 UTC,2026-09-01 11:42:14.253748816 +0000 UTC
2026-09-01T11:37:38+00:00,246109000,WALRUS II,,,,,,51.97535666666667,4.022566666666667,9.2,0,gate,,False,False,,3,2026-09-01 11:39:12.115325771 +0000 UTC,2026-09-01 11:45:15.127309769 +0000 UTC
2026-09-01T11:37:38+00:00,228284800,VB OCTEVILLE 11,,,,,,49.484985,0.1247,0.0,0,lehavre,,False,False,,2,2026-09-01 11:39:14.846448948 +0000 UTC,2026-09-01 11:41:56.021963181 +0000 UTC
2026-09-01T11:37:38+00:00,563287300,XIAMEN EXPRESS,9630420.0,74.0,336.0,48.0,13.2,51.959915,4.067013333333334,0.0,5,gate,,False,False,NLRTM,2,2026-09-01 11:39:17.074121173 +0000 UTC,2026-09-01 11:45:17.022174674 +0000 UTC
2026-09-01T11:37:38+00:00,244533000,WATERLAND,,,,,,53.45039833333333,6.820061666666667,0.0,3,eems,,False,False,,4,2026-09-01 11:39:19.383957589 +0000 UTC,2026-09-01 11:45:49.007659397 +0000 UTC
2026-09-01T11:37:38+00:00,244740135,EDITH,0.0,79.0,95.0,12.0,0.3,51.935264999999994,4.0538300000000005,6.9,0,gate,,False,False,MOERDIJK  MOERDIJK H,2,2026-09-01 11:39:21.234358366 +0000 UTC,2026-09-01 11:45:23.333373641 +0000 UTC
2026-09-01T11:37:38+00:00,245821000,VB SIRIUS,,,,,,51.96165666666666,4.139668333333334,0.0,0,gate,,False,False,,2,2026-09-01 11:39:21.3344155 +0000 UTC,2026-09-01 11:42:21.338082275 +0000 UTC
2026-09-01T11:37:38+00:00,244660230,RIVAL,,,,,,51.96904333333334,4.036131666666667,0.0,0,gate,,False,False,,1,2026-09-01 11:39:21.709704384 +0000 UTC,2026-09-01 11:39:21.709704384 +0000 UTC
2026-09-01T11:37:38+00:00,636016127,LEO SUN,9457608.0,89.0,244.0,42.0,13.7,51.96762666666667,4.073801666666666,0.1,5,gate,gate,True,True,NLRTM,1,2026-09-01 11:39:23.157703369 +0000 UTC,2026-09-01 11:41:45.701603796 +0000 UTC
2026-09-01T11:37:38+00:00,226016410,IMMACULATA,,,,,,49.460235,0.14184000000000002,4.7,0,lehavre,,False,False,,2,2026-09-01 11:39:23.355720572 +0000 UTC,2026-09-01 11:40:30.424002726 +0000 UTC
2026-09-01T11:37:38+00:00,244650988,SENSATION,,,,,,51.95113833333333,4.075483333333334,0.0,5,gate,,False,False,,1,2026-09-01 11:39:23.380856007 +0000 UTC,2026-09-01 11:39:23.380856007 +0000 UTC
2026-09-01T11:37:38+00:00,244690411,SCHIEPLUS,,,,,,51.94924666666667,4.14887,0.0,0,gate,,False,False,,2,2026-09-01 11:39:25.037566428 +0000 UTC,2026-09-01 11:40:25.03112929 +0000 UTC
2026-09-01T11:37:38+00:00,211477070,ASP BILGENENTOELER 1,,,,,,53.524095,8.144878333333333,0.0,5,wilhelmshaven,wilhelmshaven,True,False,,2,2026-09-01 11:39:25.5757859 +0000 UTC,2026-09-01 11:45:27.01771619 +0000 UTC
2026-09-01T11:37:38+00:00,246179000,EEMS COBALT,9013062.0,70.0,82.0,12.0,3.9,53.450215,6.884508333333333,10.9,0,eems,,False,False,DELFZIJL,1,2026-09-01 11:39:26.348717524 +0000 UTC,2026-09-01 11:40:59.393278149 +0000 UTC
2026-09-01T11:37:38+00:00,352002315,CAPE DIVERSITY,9936745.0,70.0,292.0,45.0,18.2,51.93752,4.053556666666667,0.0,5,gate,,False,False,NLRTM,2,2026-09-01 11:39:27.434158777 +0000 UTC,2026-09-01 11:45:27.450357963 +0000 UTC
2026-09-01T11:37:38+00:00,256002311,JLD LEWIS,,,,,,47.274364999999996,-2.2021533333333334,0.0,0,montoir,,False,False,,4,2026-09-01 11:39:29.251293509 +0000 UTC,2026-09-01 11:45:49.349935177 +0000 UTC
2026-09-01T11:37:38+00:00,211224140,NORDSEE,7504108.0,90.0,131.0,24.0,7.5,53.538779999999996,8.16304,0.0,5,wilhelmshaven,,False,False,DEWVN,3,2026-09-01 11:39:32.754390552 +0000 UTC,2026-09-01 11:46:03.970937996 +0000 UTC
2026-09-01T11:37:38+00:00,244780377,LACERTA (PILOTS),0.0,50.0,23.0,6.0,1.3,51.97641833333333,4.125275,0.0,5,gate,,False,False,PILOT BOARDING AREA,1,2026-09-01 11:39:33.227766538 +0000 UTC,2026-09-01 11:42:32.421620083 +0000 UTC
2026-09-01T11:37:38+00:00,477100400,OOCL JAPAN,9776195.0,71.0,400.0,59.0,15.8,51.946958333333335,4.0444016666666665,0.0,5,gate,,False,False,SG SIN>NL RTM,1,2026-09-01 11:39:36.181402094 +0000 UTC,2026-09-01 11:40:51.758050207 +0000 UTC
2026-09-01T11:37:38+00:00,232064738,EMILIA JANE,,,,,,53.444785,6.82652,0.0,0,eems,,False,False,,1,2026-09-01 11:39:36.203306679 +0000 UTC,2026-09-01 11:39:36.203306679 +0000 UTC
2026-09-01T11:37:38+00:00,246786000,AQUADELTA,,,,,,51.97718,4.0220416666666665,0.9,3,gate,,False,False,,2,2026-09-01 11:39:36.391945207 +0000 UTC,2026-09-01 11:42:36.213903504 +0000 UTC
2026-09-01T11:37:38+00:00,228068700,VB CYCLONE,,,,,,51.32233833333333,3.20263,0.0,15,zeebrugge,,False,False,,2,2026-09-01 11:39:39.07129142 +0000 UTC,2026-09-01 11:40:39.184024215 +0000 UTC
2026-09-01T11:37:38+00:00,563310800,AULTMORE,,,,,,47.305305,-2.08755,0.0,0,montoir,,False,False,,1,2026-09-01 11:39:46.412652859 +0000 UTC,2026-09-01 11:39:46.412652859 +0000 UTC
2026-09-01T11:37:38+00:00,244700535,DWS 10 WATERGEUS,0.0,99.0,25.0,7.0,0.1,51.959678333333336,4.03353,0.6,0,gate,,False,False,ROTTERDAM,1,2026-09-01 11:39:47.126040514 +0000 UTC,2026-09-01 11:40:55.833769194 +0000 UTC
2026-09-01T11:37:38+00:00,244150458,WATERMAN,,,,,,53.444835,6.824846666666667,0.0,0,eems,,False,False,,1,2026-09-01 11:39:47.150184787 +0000 UTC,2026-09-01 11:39:47.150184787 +0000 UTC
2026-09-01T11:37:38+00:00,246359000,STAR BONAIRE,,,,,,51.95498333333333,4.126716666666667,0.0,0,gate,,False,False,,1,2026-09-01 11:39:49.091255052 +0000 UTC,2026-09-01 11:39:49.091255052 +0000 UTC
2026-09-01T11:37:38+00:00,205523290,ZIRKOON,0.0,89.0,110.0,13.0,0.2,51.94723166666667,4.050151666666666,0.0,0,gate,,False,False,ROTTERDAM 5E PETROHA,3,2026-09-01 11:39:49.179942014 +0000 UTC,2026-09-01 11:45:57.355935044 +0000 UTC
2026-09-01T11:37:38+00:00,636023265,MSC ANITA,,,,,,53.63665666666667,9.52845,12.4,0,stade,,False,False,,3,2026-09-01 11:39:49.797225852 +0000 UTC,2026-09-01 11:41:49.67597172 +0000 UTC
2026-09-01T11:37:38+00:00,249901000,CELINE,,,,,,51.391799999999996,3.12744,4.0,0,zeebrugge,,False,False,,1,2026-09-01 11:39:50.138822669 +0000 UTC,2026-09-01 11:39:50.138822669 +0000 UTC
2026-09-01T11:37:38+00:00,205243000,Z.48DE MARIA ANTONIA,,,,,,51.32264833333333,3.2027266666666665,0.0,15,zeebrugge,,False,False,,1,2026-09-01 11:39:52.697477059 +0000 UTC,2026-09-01 11:39:52.697477059 +0000 UTC
2026-09-01T11:37:38+00:00,244125253,CAMARO VII,,,,,,51.957645,4.014161666666667,0.0,5,gate,,False,False,,1,2026-09-01 11:39:53.056755718 +0000 UTC,2026-09-01 11:39:53.056755718 +0000 UTC
2026-09-01T11:37:38+00:00,211224680,LUETJEHOERN,,,,,,53.437778333333334,6.916135,12.5,0,eems,,False,False,,3,2026-09-01 11:39:53.619724562 +0000 UTC,2026-09-01 11:46:23.772213447 +0000 UTC
2026-09-01T11:37:38+00:00,245932000,VB GINGER,,,,,,51.95986666666667,4.00975,0.0,0,gate,,False,False,,1,2026-09-01 11:39:54.582106445 +0000 UTC,2026-09-01 11:39:54.582106445 +0000 UTC
2026-09-01T11:37:38+00:00,219836000,MADRID MAERSK,9778791.0,71.0,399.0,58.0,15.6,51.95555,4.0036000000000005,0.0,5,gate,,False,False,NLRTM>ESALG,2,2026-09-01 11:39:56.525471673 +0000 UTC,2026-09-01 11:45:56.690063564 +0000 UTC
2026-09-01T11:37:38+00:00,227023200,VB GASCOGNE,9202730.0,52.0,37.0,10.0,5.5,49.47553666666667,0.132275,0.0,0,lehavre,,False,False,LE HAVRE,1,2026-09-01 11:39:56.730450228 +0000 UTC,2026-09-01 11:42:02.953894154 +0000 UTC
2026-09-01T11:37:38+00:00,205755000,ORION,,,,,,53.44898333333333,6.826138333333334,0.0,5,eems,,False,False,,1,2026-09-01 11:39:58.482966404 +0000 UTC,2026-09-01 11:39:58.482966404 +0000 UTC
2026-09-01T11:37:38+00:00,245088000,ENERGIZER,9299501.0,70.0,134.0,21.0,5.8,51.953851666666665,3.9933116666666666,0.0,0,gate,,False,False,FWP4,3,2026-09-01 11:39:59.22099923 +0000 UTC,2026-09-01 11:41:50.866258246 +0000 UTC
2026-09-01T11:37:38+00:00,244700456,PRINS 2,0.0,70.0,65.0,11.0,2.3,53.89069666666667,9.142883333333334,0.0,5,brunsbuettel,,False,False,SLIEDRECHT,1,2026-09-01 11:39:59.777880858 +0000 UTC,2026-09-01 11:41:06.929936654 +0000 UTC
2026-09-01T11:37:38+00:00,244650652,SEAZIP 6,,,,,,53.446108333333335,6.820483333333333,0.0,5,eems,,False,False,,2,2026-09-01 11:39:59.980702068 +0000 UTC,2026-09-01 11:46:00.055056464 +0000 UTC
2026-09-01T11:37:38+00:00,228373700,VB LONGCHAMP 17,,,,,,49.47538333333333,0.131925,0.0,0,lehavre,,False,False,,3,2026-09-01 11:40:00.801733044 +0000 UTC,2026-09-01 11:46:09.771659291 +0000 UTC
2026-09-01T11:37:38+00:00,245931000,VB BRENT,9507051.0,52.0,32.0,13.0,6.0,51.9609,4.1413166666666665,0.0,5,gate,,False,False,NL RTM,1,2026-09-01 11:40:04.071045449 +0000 UTC,2026-09-01 11:42:24.807185342 +0000 UTC
2026-09-01T11:37:38+00:00,255915770,ASTURIAS,,,,,,51.37061666666667,3.1726666666666667,11.8,0,zeebrugge,,False,False,,2,2026-09-01 11:40:04.46056523 +0000 UTC,2026-09-01 11:46:20.833397279 +0000 UTC
2026-09-01T11:37:38+00:00,244870056,UQ6 DINA,,,,,,53.448375000000006,6.877356666666667,6.1,15,eems,,False,False,,1,2026-09-01 11:40:04.494895166 +0000 UTC,2026-09-01 11:40:04.494895166 +0000 UTC
2026-09-01T11:37:38+00:00,211226450,TRANSPORTER II,8615148.0,80.0,37.0,6.0,1.9,53.51680666666667,8.145913333333333,0.0,5,wilhelmshaven,wilhelmshaven,True,False,WILHELMSHAVEN,1,2026-09-01 11:40:04.534517364 +0000 UTC,2026-09-01 11:46:04.802537435 +0000 UTC
2026-09-01T11:37:38+00:00,211224650,FRIESLAND,,,,,,53.447183333333335,6.899868333333333,12.7,0,eems,,False,False,,1,2026-09-01 11:40:04.615058968 +0000 UTC,2026-09-01 11:40:04.615058968 +0000 UTC
2026-09-01T11:37:38+00:00,205619000,VB KIWI,,,,,,51.32966,3.1971933333333333,0.3,0,zeebrugge,,False,False,,2,2026-09-01 11:40:05.265097795 +0000 UTC,2026-09-01 11:42:32.585683854 +0000 UTC
2026-09-01T11:37:38+00:00,244790539,RVE 17,0.0,0.0,19.0,5.0,0.0,51.94629333333333,4.0920733333333335,0.0,0,gate,,False,False,GEULHAVEN,3,2026-09-01 11:40:06.208875969 +0000 UTC,2026-09-01 11:45:35.536079532 +0000 UTC
2026-09-01T11:37:38+00:00,228472700,VB LOUP,9977490.0,52.0,28.0,13.0,6.0,49.47543333333333,0.13143333333333335,0.0,0,lehavre,,False,False,LE HAVRE,1,2026-09-01 11:40:08.261263458 +0000 UTC,2026-09-01 11:46:07.652274303 +0000 UTC
2026-09-01T11:37:38+00:00,244740162,MIRJAM,0.0,79.0,57.0,7.0,0.0,53.45128166666667,6.828626666666667,0.0,0,eems,,False,False,EEMSHAVEN,3,2026-09-01 11:40:08.274308126 +0000 UTC,2026-09-01 11:46:16.199145182 +0000 UTC
2026-09-01T11:37:38+00:00,244750272,VICTUM,,,,,,51.95049166666667,4.125015,0.0,0,gate,,False,False,,2,2026-09-01 11:40:09.139972147 +0000 UTC,2026-09-01 11:42:17.613231637 +0000 UTC
2026-09-01T11:37:38+00:00,304080000,AURORA,,,,,,51.34760000000001,3.187631666666667,0.0,5,zeebrugge,zeebrugge,True,False,,2,2026-09-01 11:40:09.227775685 +0000 UTC,2026-09-01 11:46:07.498717798 +0000 UTC
2026-09-01T11:37:38+00:00,211456940,SCHWINGEFLAIR,,,,,,53.628074999999995,9.52571,0.0,0,stade,,False,False,,4,2026-09-01 11:40:11.139498247 +0000 UTC,2026-09-01 11:45:31.687677929 +0000 UTC
2026-09-01T11:37:38+00:00,205567490,POROS,,,,,,51.95637166666667,4.0039316666666664,0.1,0,gate,,False,False,,2,2026-09-01 11:40:11.806667697 +0000 UTC,2026-09-01 11:41:52.792783657 +0000 UTC
2026-09-01T11:37:38+00:00,211509360,WINDROSE,0.0,99.0,14.0,4.0,0.2,53.62745833333334,9.525105,0.1,0,stade,,False,False,STADE,1,2026-09-01 11:40:14.673642087 +0000 UTC,2026-09-01 11:42:04.479392958 +0000 UTC
2026-09-01T11:37:38+00:00,636024019,NEW BRAVE,,,,,,53.44349,6.854013333333333,0.0,5,eems,eems,True,False,,1,2026-09-01 11:40:16.950936624 +0000 UTC,2026-09-01 11:40:16.950936624 +0000 UTC
2026-09-01T11:37:38+00:00,226002790,BIARRITZ,,,,,,49.484701666666666,0.124485,0.0,5,lehavre,,False,False,,1,2026-09-01 11:40:17.436076591 +0000 UTC,2026-09-01 11:40:17.436076591 +0000 UTC
2026-09-01T11:37:38+00:00,244790048,HYDROVAC 12,0.0,89.0,86.0,10.0,2.0,51.95955666666667,4.0599,0.0,5,gate,,False,False,ROTTERDAM AMAZONEHA,1,2026-09-01 11:40:17.979608659 +0000 UTC,2026-09-01 11:40:20.004938474 +0000 UTC
2026-09-01T11:37:38+00:00,244710348,PROGRESSO,,,,,,51.96091166666667,4.0530566666666665,6.8,0,gate,,False,False,,3,2026-09-01 11:40:19.052456024 +0000 UTC,2026-09-01 11:42:19.038772681 +0000 UTC
2026-09-01T11:37:38+00:00,218356000,GRIMMERSHOERN,,,,,,53.88009833333333,9.098436666666666,7.8,0,brunsbuettel,,False,False,,2,2026-09-01 11:40:20.342397461 +0000 UTC,2026-09-01 11:42:20.646925613 +0000 UTC
2026-09-01T11:37:38+00:00,211696040,CORVIN,,,,,,53.534933333333335,8.161198333333333,0.0,5,wilhelmshaven,,False,False,,1,2026-09-01 11:40:25.766044284 +0000 UTC,2026-09-01 11:40:25.766044284 +0000 UTC
2026-09-01T11:37:38+00:00,211591710,SCHILLIG,,,,,,53.51330166666666,8.14883,0.0,5,wilhelmshaven,,False,False,,1,2026-09-01 11:40:27.718676216 +0000 UTC,2026-09-01 11:40:27.718676216 +0000 UTC
2026-09-01T11:37:38+00:00,211617060,VOSSBROOK,,,,,,53.896523333333334,9.147653333333333,0.2,0,brunsbuettel,,False,False,,2,2026-09-01 11:40:28.775911396 +0000 UTC,2026-09-01 11:45:18.980237198 +0000 UTC
2026-09-01T11:37:38+00:00,236112832,NJORD MAGELLAN,,,,,,53.444298333333336,6.828165,0.1,5,eems,,False,False,,1,2026-09-01 11:40:28.967645128 +0000 UTC,2026-09-01 11:40:28.967645128 +0000 UTC
2026-09-01T11:37:38+00:00,244791000,VB ROB,9474905.0,52.0,29.0,12.0,6.2,51.96125,4.140616666666667,0.0,0,gate,,False,False,ROTTERDAM,2,2026-09-01 11:40:30.137790305 +0000 UTC,2026-09-01 11:45:01.336573172 +0000 UTC
2026-09-01T11:37:38+00:00,219019933,BORA,,,,,,53.44449833333333,6.827471666666667,0.0,5,eems,,False,False,,1,2026-09-01 11:40:30.80562601 +0000 UTC,2026-09-01 11:40:30.80562601 +0000 UTC
2026-09-01T11:37:38+00:00,244758000,STENA HOLLANDICA,,,,,,51.97215666666667,4.133595000000001,0.0,0,gate,,False,False,,2,2026-09-01 11:40:31.184968205 +0000 UTC,2026-09-01 11:41:10.713573243 +0000 UTC
2026-09-01T11:37:38+00:00,211224270,PILOT PAGENSAND,,,,,,53.62761166666667,9.52526,0.0,0,stade,,False,False,,2,2026-09-01 11:40:31.929453264 +0000 UTC,2026-09-01 11:45:41.290907558 +0000 UTC
2026-09-01T11:37:38+00:00,244690099,ELJA,,,,,,51.938828333333326,4.093118333333333,6.5,0,gate,,False,False,,3,2026-09-01 11:40:32.72055355 +0000 UTC,2026-09-01 11:42:42.223172245 +0000 UTC
2026-09-01T11:37:38+00:00,244790037,KRVE80,,,,,,51.94890833333333,4.148603333333333,0.0,0,gate,,False,False,,2,2026-09-01 11:40:34.503251936 +0000 UTC,2026-09-01 11:45:04.615386973 +0000 UTC
2026-09-01T11:37:38+00:00,269057270,SWISS SAPPHIRE,,,,,,49.48862666666666,0.12289166666666666,0.0,5,lehavre,,False,False,,1,2026-09-01 11:40:35.318610553 +0000 UTC,2026-09-01 11:40:35.318610553 +0000 UTC
2026-09-01T11:37:38+00:00,246657000,DRACO (PILOT VESSEL),0.0,50.0,23.0,6.0,1.3,51.97122666666667,4.127595,8.4,0,gate,,False,False,HOEK VAN HOLLAND,1,2026-09-01 11:40:35.550569244 +0000 UTC,2026-09-01 11:40:47.14089465 +0000 UTC
2026-09-01T11:37:38+00:00,244780376,LYRA PILOTS,,,,,,51.97666666666667,4.1255,0.1,5,gate,,False,False,,1,2026-09-01 11:40:38.632970725 +0000 UTC,2026-09-01 11:40:38.632970725 +0000 UTC
2026-09-01T11:37:38+00:00,244670113,CRANE BARGE 3,,,,,,51.952268333333336,4.130911666666667,0.1,0,gate,,False,False,,2,2026-09-01 11:40:39.005651606 +0000 UTC,2026-09-01 11:45:38.597590522 +0000 UTC
2026-09-01T11:37:38+00:00,244620947,VEERHAVEN X,,,,,,51.963856666666665,4.1221950000000005,0.0,5,gate,,False,False,,1,2026-09-01 11:40:39.902188604 +0000 UTC,2026-09-01 11:40:39.902188604 +0000 UTC
2026-09-01T11:37:38+00:00,269057015,LONG BEACH,,,,,,51.958198333333335,4.013065,0.1,5,gate,,False,False,,1,2026-09-01 11:40:40.55406017 +0000 UTC,2026-09-01 11:40:40.55406017 +0000 UTC
2026-09-01T11:37:38+00:00,235019066,FELUCCA,,,,,,51.43372,0.7287616666666668,4.8,0,grain,,False,False,,2,2026-09-01 11:40:40.71295489 +0000 UTC,2026-09-01 11:45:41.286549303 +0000 UTC
2026-09-01T11:37:38+00:00,255915830,FAIRPLAY-84,,,,,,53.91196,9.180916666666667,0.0,0,brunsbuettel,,False,False,,2,2026-09-01 11:40:41.868388226 +0000 UTC,2026-09-01 11:41:10.452908318 +0000 UTC
2026-09-01T11:37:38+00:00,232054448,HST LOWESTOFT,,,,,,53.444695,6.826358333333333,0.0,0,eems,,False,False,,1,2026-09-01 11:40:43.332470163 +0000 UTC,2026-09-01 11:40:43.332470163 +0000 UTC
2026-09-01T11:37:38+00:00,211117790,VB ENDEAVOUR,,,,,,53.517395,8.14091,0.0,5,wilhelmshaven,wilhelmshaven,True,False,,2,2026-09-01 11:40:44.78376568 +0000 UTC,2026-09-01 11:40:47.425578592 +0000 UTC
2026-09-01T11:37:38+00:00,253366000,VOLE AU VENT,9655315.0,90.0,140.0,44.0,7.1,49.478165,0.12077666666666667,0.0,6,lehavre,,False,False,FR LEH,1,2026-09-01 11:40:46.529387928 +0000 UTC,2026-09-01 11:40:48.64262676 +0000 UTC
2026-09-01T11:37:38+00:00,205436000,GOLDEN FROZEN,,,,,,51.93852833333334,4.058011666666667,0.0,5,gate,,False,False,,1,2026-09-01 11:40:47.441380154 +0000 UTC,2026-09-01 11:40:47.441380154 +0000 UTC
2026-09-01T11:37:38+00:00,244140114,LUNA (PILOTS),,,,,,51.976995,4.125798333333333,0.0,5,gate,,False,False,,1,2026-09-01 11:40:51.119204249 +0000 UTC,2026-09-01 11:40:51.119204249 +0000 UTC
2026-09-01T11:37:38+00:00,246683000,DANCING WATER,,,,,,53.445965,6.820515,0.0,3,eems,,False,False,,3,2026-09-01 11:40:54.870241965 +0000 UTC,2026-09-01 11:42:04.458028344 +0000 UTC
2026-09-01T11:37:38+00:00,245199000,EEMS WRESTLER,8843549.0,31.0,40.0,10.0,3.5,53.44654333333334,6.822171666666667,0.0,5,eems,,False,False,NLEEM,1,2026-09-01 11:40:56.534766322 +0000 UTC,2026-09-01 11:45:14.306483692 +0000 UTC
2026-09-01T11:37:38+00:00,244730277,BLUE WATER,,,,,,51.938509999999994,4.05833,0.0,5,gate,,False,False,,1,2026-09-01 11:40:59.250721424 +0000 UTC,2026-09-01 11:40:59.250721424 +0000 UTC
2026-09-01T11:37:38+00:00,255806356,UHL FIERCE,9892509.0,70.0,150.0,26.0,6.8,47.29280333333334,-2.161225,0.0,5,montoir,,False,False,FR MTX,1,2026-09-01 11:41:02.070492939 +0000 UTC,2026-09-01 11:45:10.958724421 +0000 UTC
2026-09-01T11:37:38+00:00,211537930,TUEMMLER,,,,,,53.62461,9.513353333333333,0.0,5,stade,,False,False,,1,2026-09-01 11:41:03.201358135 +0000 UTC,2026-09-01 11:41:03.201358135 +0000 UTC
2026-09-01T11:37:38+00:00,255806499,MSC SARA ELENA,,,,,,51.959315,4.0606333333333335,0.0,5,gate,,False,False,,1,2026-09-01 11:41:10.777321357 +0000 UTC,2026-09-01 11:41:10.777321357 +0000 UTC
2026-09-01T11:37:38+00:00,218055210,LINEM,,,,,,51.34019333333333,3.206488333333333,0.0,0,zeebrugge,,False,False,,1,2026-09-01 11:41:11.849789032 +0000 UTC,2026-09-01 11:41:11.849789032 +0000 UTC
2026-09-01T11:37:38+00:00,248701000,OPALINE,,,,,,51.341046666666664,3.213493333333333,0.0,5,zeebrugge,,False,False,,1,2026-09-01 11:41:15.081292983 +0000 UTC,2026-09-01 11:41:15.081292983 +0000 UTC
2026-09-01T11:37:38+00:00,245122000,SAND FULMAR,,,,,,51.322469999999996,3.2021883333333334,0.0,5,zeebrugge,,False,False,,1,2026-09-01 11:41:16.883918052 +0000 UTC,2026-09-01 11:41:16.883918052 +0000 UTC
2026-09-01T11:37:38+00:00,244690474,CORINA,,,,,,51.968226666666666,4.037411666666666,0.1,15,gate,,False,False,,3,2026-09-01 11:41:21.401793973 +0000 UTC,2026-09-01 11:45:30.31644816 +0000 UTC
2026-09-01T11:37:38+00:00,211747930,GRIEP TO II,,,,,,53.89930666666667,9.149696666666667,0.0,3,brunsbuettel,,False,False,,1,2026-09-01 11:41:28.714959885 +0000 UTC,2026-09-01 11:41:28.714959885 +0000 UTC
2026-09-01T11:37:38+00:00,211445200,OPPELN,,,,,,53.910046666666666,9.178446666666668,0.0,0,brunsbuettel,,False,False,,1,2026-09-01 11:41:30.061388666 +0000 UTC,2026-09-01 11:41:30.061388666 +0000 UTC
2026-09-01T11:37:38+00:00,256274000,VICTORINE,,,,,,51.34827833333333,3.18303,0.0,5,zeebrugge,zeebrugge,True,False,,1,2026-09-01 11:41:30.079460066 +0000 UTC,2026-09-01 11:41:30.079460066 +0000 UTC
2026-09-01T11:37:38+00:00,228442700,ABEILLE HORIZON,,,,,,49.481055,0.13508666666666666,0.0,5,lehavre,,False,False,,1,2026-09-01 11:41:34.413749402 +0000 UTC,2026-09-01 11:41:34.413749402 +0000 UTC
2026-09-01T11:37:38+00:00,211265240,STADERSAND,,,,,,53.627478333333336,9.52509,0.0,15,stade,,False,False,,2,2026-09-01 11:41:36.810171973 +0000 UTC,2026-09-01 11:45:17.97466453 +0000 UTC
2026-09-01T11:37:38+00:00,244697000,VB KRACHT,9489936.0,90.0,32.0,12.0,6.3,51.96091,4.141055,0.0,0,gate,,False,False,RTM,1,2026-09-01 11:41:40.261455069 +0000 UTC,2026-09-01 11:45:52.751572173 +0000 UTC
2026-09-01T11:37:38+00:00,244615588,SPRINTER,,,,,,53.444825,6.824111666666667,0.1,0,eems,,False,False,,2,2026-09-01 11:41:41.209947812 +0000 UTC,2026-09-01 11:45:01.074286408 +0000 UTC
2026-09-01T11:37:38+00:00,636024775,ISTANBUL EXPRESS,,,,,,51.94837666666667,4.05538,0.0,5,gate,,False,False,,1,2026-09-01 11:41:41.384019336 +0000 UTC,2026-09-01 11:41:41.384019336 +0000 UTC
2026-09-01T11:37:38+00:00,211197960,SG1353,,,,,,53.89934166666667,9.149305,0.0,15,brunsbuettel,,False,False,,1,2026-09-01 11:41:42.848791685 +0000 UTC,2026-09-01 11:41:42.848791685 +0000 UTC
2026-09-01T11:37:38+00:00,256843000,GREENVILLE,,,,,,49.46051333333333,0.143925,0.0,5,lehavre,,False,False,,1,2026-09-01 11:41:43.007044166 +0000 UTC,2026-09-01 11:41:43.007044166 +0000 UTC
2026-09-01T11:37:38+00:00,228365800,VB MIRAGE,,,,,,47.298091666666664,-2.147175,0.0,5,montoir,montoir,True,False,,1,2026-09-01 11:41:43.180405704 +0000 UTC,2026-09-01 11:41:43.180405704 +0000 UTC
2026-09-01T11:37:38+00:00,249600000,PAULINE,,,,,,51.334815000000006,3.2164683333333333,1.1,5,zeebrugge,,False,False,,1,2026-09-01 11:41:46.180832986 +0000 UTC,2026-09-01 11:41:46.180832986 +0000 UTC
2026-09-01T11:37:38+00:00,205113000,VB SAMBA,9809954.0,52.0,32.0,13.0,5.9,51.35672,3.1999766666666667,1.0,15,zeebrugge,,False,False,PORT OPERATIONS,3,2026-09-01 11:41:47.102152387 +0000 UTC,2026-09-01 11:45:55.275014075 +0000 UTC
2026-09-01T11:37:38+00:00,205529390,NANO,,,,,,51.31289,3.20149,0.0,5,zeebrugge,,False,False,,1,2026-09-01 11:41:47.238994276 +0000 UTC,2026-09-01 11:41:47.238994276 +0000 UTC
2026-09-01T11:37:38+00:00,244630427,ROWAN,,,,,,51.93830166666667,4.076783333333333,0.0,5,gate,,False,False,,1,2026-09-01 11:41:47.777182819 +0000 UTC,2026-09-01 11:41:47.777182819 +0000 UTC
2026-09-01T11:37:38+00:00,244710406,SBH 1,,,,,,51.95587166666667,4.147331666666667,7.0,0,gate,,False,False,,3,2026-09-01 11:41:51.338007105 +0000 UTC,2026-09-01 11:46:03.934891217 +0000 UTC
2026-09-01T11:37:38+00:00,211290720,FAIRPLAY-51,,,,,,53.653303333333334,9.510950000000001,0.0,0,stade,stade,True,False,,2,2026-09-01 11:41:57.209894988 +0000 UTC,2026-09-01 11:44:57.21037439 +0000 UTC
2026-09-01T11:37:38+00:00,226013720,PYTHAGORE,,,,,,49.458198333333335,0.16108833333333333,0.0,5,lehavre,,False,False,,1,2026-09-01 11:41:57.407581986 +0000 UTC,2026-09-01 11:41:57.407581986 +0000 UTC
2026-09-01T11:37:38+00:00,244180000,FREYA,,,,,,51.335635,3.1944316666666666,0.0,5,zeebrugge,,False,False,,1,2026-09-01 11:42:03.070993796 +0000 UTC,2026-09-01 11:42:03.070993796 +0000 UTC
2026-09-01T11:37:38+00:00,211445240,DANZIG,,,,,,53.89700166666667,9.152356666666666,5.1,0,brunsbuettel,,False,False,,1,2026-09-01 11:42:06.290055224 +0000 UTC,2026-09-01 11:42:06.290055224 +0000 UTC
2026-09-01T11:37:38+00:00,227729770,LEOPARD,,,,,,49.483785,0.11772666666666667,0.0,0,lehavre,,False,False,,3,2026-09-01 11:42:07.632131361 +0000 UTC,2026-09-01 11:46:17.250881895 +0000 UTC
2026-09-01T11:37:38+00:00,211212410,GRIEP,,,,,,53.52149333333333,8.13394,0.0,5,wilhelmshaven,,False,False,,1,2026-09-01 11:42:09.370446373 +0000 UTC,2026-09-01 11:42:09.370446373 +0000 UTC
2026-09-01T11:37:38+00:00,357988000,SEROJA LIMA,,,,,,51.9587,4.05128,0.0,5,gate,,False,False,,2,2026-09-01 11:42:18.130881767 +0000 UTC,2026-09-01 11:45:18.821913482 +0000 UTC
2026-09-01T11:37:38+00:00,244070903,RPA14,,,,,,51.960705,4.089888333333334,0.0,0,gate,,False,False,,2,2026-09-01 11:42:18.790761298 +0000 UTC,2026-09-01 11:45:18.55767206 +0000 UTC
2026-09-01T11:37:38+00:00,244740789,EMPIRE,0.0,79.0,183.0,12.0,1.6,51.93329833333333,4.1507016666666665,1.4,0,gate,,False,False,MAASVLAKTE HARTELHAV,1,2026-09-01 11:42:19.83471489 +0000 UTC,2026-09-01 11:45:29.796673619 +0000 UTC
2026-09-01T11:37:38+00:00,538006621,FRONT OCELOT,,,,,,49.469863333333336,0.13158166666666665,0.0,5,lehavre,,False,False,,1,2026-09-01 11:42:20.469415929 +0000 UTC,2026-09-01 11:42:20.469415929 +0000 UTC
2026-09-01T11:37:38+00:00,268235302,MIRANDA,,,,,,53.44445666666666,6.827423333333333,0.0,5,eems,,False,False,,1,2026-09-01 11:42:25.649605822 +0000 UTC,2026-09-01 11:42:25.649605822 +0000 UTC
2026-09-01T11:37:38+00:00,244013251,MANUEL II,,,,,,53.51383666666666,8.157323333333332,9.6,5,wilhelmshaven,wilhelmshaven,True,False,,1,2026-09-01 11:42:26.592309419 +0000 UTC,2026-09-01 11:42:26.592309419 +0000 UTC
2026-09-01T11:37:38+00:00,636019982,YM TRIUMPH,,,,,,51.94783666666667,4.051235,0.0,5,gate,,False,False,,1,2026-09-01 11:42:28.235345144 +0000 UTC,2026-09-01 11:42:28.235345144 +0000 UTC
2026-09-01T11:37:38+00:00,305994000,BF  PERCH,,,,,,51.962358333333334,4.0549816666666665,0.0,5,gate,,False,False,,1,2026-09-01 11:42:31.126936713 +0000 UTC,2026-09-01 11:42:31.126936713 +0000 UTC
2026-09-01T11:37:38+00:00,249241000,LEONINE,,,,,,51.344285,3.2193066666666668,0.0,5,zeebrugge,,False,False,,1,2026-09-01 11:42:37.983332568 +0000 UTC,2026-09-01 11:42:37.983332568 +0000 UTC
2026-09-01T11:37:38+00:00,215170000,NEPTUNE_AEGLI,,,,,,51.32411333333334,3.212895,0.1,5,zeebrugge,,False,False,,1,2026-09-01 11:42:41.169511966 +0000 UTC,2026-09-01 11:42:41.169511966 +0000 UTC
2026-09-01T11:37:38+00:00,244020823,TYDA KYRA,,,,,,51.95859333333333,4.106836666666667,0.0,0,gate,,False,False,,2,2026-09-01 11:44:56.907149922 +0000 UTC,2026-09-01 11:45:17.561093 +0000 UTC
2026-09-01T11:37:38+00:00,636023397,MSC IVA,,,,,,51.396856666666665,3.125516666666667,13.3,0,zeebrugge,,False,False,,1,2026-09-01 11:44:57.487361356 +0000 UTC,2026-09-01 11:44:57.487361356 +0000 UTC
2026-09-01T11:37:38+00:00,636026544,THEMISA,,,,,,51.31662333333334,3.2250633333333334,0.0,5,zeebrugge,,False,False,,1,2026-09-01 11:45:03.229157257 +0000 UTC,2026-09-01 11:45:03.229157257 +0000 UTC
2026-09-01T11:37:38+00:00,244660831,SAYONARA,,,,,,51.958301666666664,4.013075,0.0,5,gate,,False,False,,1,2026-09-01 11:45:03.46824938 +0000 UTC,2026-09-01 11:45:03.46824938 +0000 UTC
2026-09-01T11:37:38+00:00,244750786,HERMINA,,,,,,51.96803,4.03937,0.0,5,gate,,False,False,,1,2026-09-01 11:45:06.703065246 +0000 UTC,2026-09-01 11:45:06.703065246 +0000 UTC
2026-09-01T11:37:38+00:00,245505000,HEBO CAT 7,,,,,,53.88811666666666,9.191611666666667,0.0,5,brunsbuettel,,False,False,,1,2026-09-01 11:45:15.78756753 +0000 UTC,2026-09-01 11:45:15.78756753 +0000 UTC
2026-09-01T11:37:38+00:00,232065120,AMANDINE,,,,,,51.340709999999994,3.2160616666666666,0.0,5,zeebrugge,,False,False,,1,2026-09-01 11:45:17.720219714 +0000 UTC,2026-09-01 11:45:17.720219714 +0000 UTC
2026-09-01T11:37:38+00:00,235108183,GREEN ISLE,9707962.0,52.0,27.0,12.0,2.9,53.53158,8.177771666666667,6.7,0,wilhelmshaven,,False,False,WILHELMSHAVEN,1,2026-09-01 11:45:18.75315097 +0000 UTC,2026-09-01 11:46:09.479289391 +0000 UTC
2026-09-01T11:37:38+00:00,211202970,TRISCHEN,,,,,,53.884816666666666,9.230073333333333,2.3,0,brunsbuettel,,False,False,,1,2026-09-01 11:45:26.604470696 +0000 UTC,2026-09-01 11:45:26.604470696 +0000 UTC
2026-09-01T11:37:38+00:00,211667760,FAIRPLAY IX,,,,,,53.52449166666667,8.147198333333334,0.0,0,wilhelmshaven,wilhelmshaven,True,False,,2,2026-09-01 11:45:30.488516333 +0000 UTC,2026-09-01 11:46:30.522277318 +0000 UTC
2026-09-01T11:37:38+00:00,244660716,JAGER,,,,,,51.961223333333336,4.056426666666667,8.2,0,gate,,False,False,,1,2026-09-01 11:45:32.601235461 +0000 UTC,2026-09-01 11:45:32.601235461 +0000 UTC
2026-09-01T11:37:38+00:00,244010910,CLEAN SEAS 1,,,,,,51.97337,4.034543333333334,6.4,0,gate,,False,False,,1,2026-09-01 11:45:35.5981988 +0000 UTC,2026-09-01 11:45:35.5981988 +0000 UTC
2026-09-01T11:37:38+00:00,227713010,PILOT-BOAT COURONNEE,9413846.0,50.0,40.0,10.0,3.4,47.270185,-2.202515,0.0,5,montoir,,False,False,SAINT NAZAIRE,1,2026-09-01 11:45:36.229111239 +0000 UTC,2026-09-01 11:45:37.15510936 +0000 UTC
2026-09-01T11:37:38+00:00,244690030,TENDER,,,,,,51.964974999999995,4.141538333333333,5.9,8,gate,,False,False,,1,2026-09-01 11:45:41.145835055 +0000 UTC,2026-09-01 11:45:41.145835055 +0000 UTC
2026-09-01T11:37:38+00:00,227006710,VB PORNIC,,,,,,47.26790666666667,-2.201381666666667,0.0,0,montoir,,False,False,,1,2026-09-01 11:45:48.477354795 +0000 UTC,2026-09-01 11:45:48.477354795 +0000 UTC
2026-09-01T11:37:38+00:00,244730153,VEERHAVEN VI,,,,,,51.9566,4.113926666666667,0.0,5,gate,,False,False,,1,2026-09-01 11:45:49.883102784 +0000 UTC,2026-09-01 11:45:49.883102784 +0000 UTC
2026-09-01T11:37:38+00:00,246951000,ZEEZWALUW,,,,,,51.977549999999994,4.1239783333333335,0.0,0,gate,,False,False,,1,2026-09-01 11:45:52.044997556 +0000 UTC,2026-09-01 11:45:52.044997556 +0000 UTC
2026-09-01T11:37:38+00:00,244730148,VENETIE,,,,,,51.95551666666667,3.9954916666666667,0.0,5,gate,,False,False,,1,2026-09-01 11:45:52.461253398 +0000 UTC,2026-09-01 11:45:52.461253398 +0000 UTC
2026-09-01T11:37:38+00:00,255917331,STAR ARUBA,,,,,,49.48119333333333,0.13490833333333332,0.0,5,lehavre,,False,False,,1,2026-09-01 11:45:53.196838443 +0000 UTC,2026-09-01 11:45:53.196838443 +0000 UTC
2026-09-01T11:37:38+00:00,230700000,FINNECO III,,,,,,51.43847,0.7395200000000001,0.0,5,grain,,False,False,,1,2026-09-01 11:45:55.276308152 +0000 UTC,2026-09-01 11:45:55.276308152 +0000 UTC
2026-09-01T11:37:38+00:00,205166000,VAN EYCK Z53,,,,,,51.323115,3.2018816666666665,0.0,5,zeebrugge,,False,False,,1,2026-09-01 11:45:57.559019906 +0000 UTC,2026-09-01 11:45:57.559019906 +0000 UTC
2026-09-01T11:37:38+00:00,211224360,RUESTERSIEL,,,,,,53.571495,8.168845,14.5,0,wilhelmshaven,,False,False,,1,2026-09-01 11:46:04.801965397 +0000 UTC,2026-09-01 11:46:04.801965397 +0000 UTC
2026-09-01T11:37:38+00:00,255801470,HEA THOR,,,,,,53.45080166666666,6.8150200000000005,0.0,5,eems,,False,False,,1,2026-09-01 11:46:07.279789277 +0000 UTC,2026-09-01 11:46:07.279789277 +0000 UTC
2026-09-01T11:37:38+00:00,211226840,JENS ALBRECHT,,,,,,53.557723333333335,8.17399,11.2,5,wilhelmshaven,,False,False,,1,2026-09-01 11:46:09.478749747 +0000 UTC,2026-09-01 11:46:09.478749747 +0000 UTC
2026-09-01T11:37:38+00:00,244578000,SC LYNX,,,,,,51.97847,4.101296666666666,15.6,5,gate,,False,False,,1,2026-09-01 11:46:09.494672392 +0000 UTC,2026-09-01 11:46:09.494672392 +0000 UTC
2026-09-01T11:37:38+00:00,228490700,FERVENT,,,,,,47.26734666666667,-2.202933333333333,6.2,0,montoir,,False,False,,1,2026-09-01 11:46:10.191568231 +0000 UTC,2026-09-01 11:46:10.191568231 +0000 UTC
2026-09-01T11:37:38+00:00,563065100,ST.NIKOLAI,,,,,,51.936945,4.06588,0.1,5,gate,,False,False,,1,2026-09-01 11:46:16.925884098 +0000 UTC,2026-09-01 11:46:16.925884098 +0000 UTC
2026-09-01T11:37:38+00:00,269057644,BACCHUS,,,,,,51.96295333333333,4.03587,0.0,5,gate,,False,False,,1,2026-09-01 11:46:27.328740975 +0000 UTC,2026-09-01 11:46:27.328740975 +0000 UTC
2026-09-01T11:37:38+00:00,228484600,AUGUSTIN FRESNEL,,,,,,47.27797333333333,-2.19988,0.0,5,montoir,,False,False,,1,2026-09-01 11:46:28.011250894 +0000 UTC,2026-09-01 11:46:28.011250894 +0000 UTC
