snapshot_utc,series,terminal,sub,epoch_ms,time_label,value_mcm_d
2026-09-01T21:21:41+00:00,area_trajectory,grain,,1788238800000.0,,3.29000573713705
2026-09-01T21:21:41+00:00,area_trajectory,grain,,1788238920000.0,,3.29000573713705
2026-09-01T21:21:41+00:00,area_trajectory,grain,,1788239040000.0,,3.28044726545736
2026-09-01T21:21:41+00:00,area_trajectory,grain,,1788239160000.0,,3.28044726545736
2026-09-01T21:21:41+00:00,area_trajectory,grain,,1788239280000.0,,3.28044726545736
2026-09-01T21:21:41+00:00,area_trajectory,grain,,1788239400000.0,,3.28044726545736
2026-09-01T21:21:41+00:00,area_trajectory,grain,,1788239520000.0,,3.2659449461214205
2026-09-01T21:21:41+00:00,area_trajectory,grain,,1788239640000.0,,3.2659449461214205
2026-09-01T21:21:41+00:00,area_trajectory,grain,,1788239760000.0,,3.22474511701986
2026-09-01T21:21:41+00:00,area_trajectory,grain,,1788239880000.0,,3.22474511701986
2026-09-01T21:21:41+00:00,area_trajectory,grain,,1788240000000.0,,3.2781401365511096
2026-09-01T21:21:41+00:00,area_trajectory,grain,,1788240120000.0,,3.2781401365511096
2026-09-01T21:21:41+00:00,area_trajectory,grain,,1788240240000.0,,3.2613306883089197
2026-09-01T21:21:41+00:00,area_trajectory,grain,,1788240360000.0,,3.2613306883089197
2026-09-01T21:21:41+00:00,area_trajectory,grain,,1788240480000.0,,3.2010139158479904
2026-09-01T21:21:41+00:00,area_trajectory,grain,,1788240600000.0,,3.2010139158479904
2026-09-01T21:21:41+00:00,area_trajectory,grain,,1788240720000.0,,3.25276098616049
2026-09-01T21:21:41+00:00,area_trajectory,grain,,1788240840000.0,,3.25276098616049
2026-09-01T21:21:41+00:00,area_trajectory,grain,,1788240960000.0,,3.2659449461214205
2026-09-01T21:21:41+00:00,area_trajectory,grain,,1788241080000.0,,3.2659449461214205
2026-09-01T21:21:41+00:00,area_trajectory,grain,,1788241200000.0,,3.17200891096517
2026-09-01T21:21:41+00:00,area_trajectory,grain,,1788241320000.0,,3.17200891096517
2026-09-01T21:21:41+00:00,area_trajectory,grain,,1788241440000.0,,3.26363781721517
2026-09-01T21:21:41+00:00,area_trajectory,grain,,1788241560000.0,,3.26363781721517
2026-09-01T21:21:41+00:00,area_trajectory,grain,,1788241680000.0,,3.23001855451986
2026-09-01T21:21:41+00:00,area_trajectory,grain,,1788241800000.0,,3.23001855451986
2026-09-01T21:21:41+00:00,area_trajectory,grain,,1788241920000.0,,3.27385546858236
2026-09-01T21:21:41+00:00,area_trajectory,grain,,1788242040000.0,,3.27385546858236
2026-09-01T21:21:41+00:00,area_trajectory,grain,,1788242160000.0,,3.24419128401205
2026-09-01T21:21:41+00:00,area_trajectory,grain,,1788242280000.0,,3.24419128401205
2026-09-01T21:21:41+00:00,area_trajectory,grain,,1788242400000.0,,3.24419128401205
2026-09-01T21:21:41+00:00,area_trajectory,grain,,1788242520000.0,,3.24419128401205
2026-09-01T21:21:41+00:00,area_trajectory,grain,,1788242640000.0,,3.25968273909017
2026-09-01T21:21:41+00:00,area_trajectory,grain,,1788242760000.0,,3.25968273909017
2026-09-01T21:21:41+00:00,area_trajectory,grain,,1788242880000.0,,3.20332104475424
2026-09-01T21:21:41+00:00,area_trajectory,grain,,1788243000000.0,,3.20332104475424
2026-09-01T21:21:41+00:00,area_trajectory,grain,,1788243120000.0,,3.20332104475424
2026-09-01T21:21:41+00:00,area_trajectory,grain,,1788243240000.0,,3.20332104475424
2026-09-01T21:21:41+00:00,area_trajectory,grain,,1788243360000.0,,3.2781401365511096
2026-09-01T21:21:41+00:00,area_trajectory,grain,,1788243480000.0,,3.2781401365511096
2026-09-01T21:21:41+00:00,area_trajectory,grain,,1788243600000.0,,3.2062873533479896
2026-09-01T21:21:41+00:00,area_trajectory,grain,,1788243720000.0,,3.2062873533479896
2026-09-01T21:21:41+00:00,area_trajectory,grain,,1788243840000.0,,3.2062873533479896
2026-09-01T21:21:41+00:00,area_trajectory,grain,,1788243960000.0,,3.2062873533479896
2026-09-01T21:21:41+00:00,area_trajectory,grain,,1788244080000.0,,3.2570456541292403
2026-09-01T21:21:41+00:00,area_trajectory,grain,,1788244200000.0,,3.2570456541292403
2026-09-01T21:21:41+00:00,area_trajectory,grain,,1788244320000.0,,3.2570456541292403
2026-09-01T21:21:41+00:00,area_trajectory,grain,,1788244440000.0,,3.2570456541292403
2026-09-01T21:21:41+00:00,area_trajectory,grain,,1788244560000.0,,3.2570456541292403
2026-09-01T21:21:41+00:00,area_trajectory,grain,,1788244680000.0,,3.2570456541292403
2026-09-01T21:21:41+00:00,area_trajectory,grain,,1788244800000.0,,3.21057238752767
2026-09-01T21:21:41+00:00,area_trajectory,grain,,1788244920000.0,,3.21057238752767
2026-09-01T21:21:41+00:00,area_trajectory,grain,,1788245040000.0,,3.21057238752767
2026-09-01T21:21:41+00:00,area_trajectory,grain,,1788245160000.0,,3.21057238752767
2026-09-01T21:21:41+00:00,area_trajectory,grain,,1788245280000.0,,3.2221083982698597
2026-09-01T21:21:41+00:00,area_trajectory,grain,,1788245400000.0,,3.2221083982698597
2026-09-01T21:21:41+00:00,area_trajectory,grain,,1788245520000.0,,3.1449818113558
2026-09-01T21:21:41+00:00,area_trajectory,grain,,1788245640000.0,,3.17958984358236
2026-09-01T21:21:41+00:00,area_trajectory,grain,,1788245760000.0,,3.17958984358236
2026-09-01T21:21:41+00:00,area_trajectory,grain,,1788245880000.0,,3.17958984358236
2026-09-01T21:21:41+00:00,area_trajectory,grain,,1788246000000.0,,3.12092102034017
2026-09-01T21:21:41+00:00,area_trajectory,grain,,1788246120000.0,,3.12092102034017
2026-09-01T21:21:41+00:00,area_trajectory,grain,,1788246240000.0,,3.1011448972933
2026-09-01T21:21:41+00:00,area_trajectory,grain,,1788246360000.0,,3.1011448972933
2026-09-01T21:21:41+00:00,area_trajectory,grain,,1788246480000.0,,3.11597717268392
2026-09-01T21:21:41+00:00,area_trajectory,grain,,1788246600000.0,,3.11597717268392
2026-09-01T21:21:41+00:00,area_trajectory,grain,,1788246720000.0,,3.22046008284017
2026-09-01T21:21:41+00:00,area_trajectory,grain,,1788246840000.0,,3.22046008284017
2026-09-01T21:21:41+00:00,area_trajectory,grain,,1788246960000.0,,3.1647579344026697
2026-09-01T21:21:41+00:00,area_trajectory,grain,,1788247080000.0,,3.1647579344026697
2026-09-01T21:21:41+00:00,area_trajectory,grain,,1788247200000.0,,3.21123156721517
2026-09-01T21:21:41+00:00,area_trajectory,grain,,1788247320000.0,,3.21123156721517
2026-09-01T21:21:41+00:00,area_trajectory,grain,,1788247440000.0,,3.13476415998861
2026-09-01T21:21:41+00:00,area_trajectory,grain,,1788247560000.0,,3.13476415998861
2026-09-01T21:21:41+00:00,area_trajectory,grain,,1788247680000.0,,2.8091195066682997
2026-09-01T21:21:41+00:00,area_trajectory,grain,,1788247800000.0,,2.8091195066682997
2026-09-01T21:21:41+00:00,area_trajectory,grain,,1788247920000.0,,2.9544730222932998
2026-09-01T21:21:41+00:00,area_trajectory,grain,,1788248040000.0,,2.9544730222932998
2026-09-01T21:21:41+00:00,area_trajectory,grain,,1788248160000.0,,3.00654986555502
2026-09-01T21:21:41+00:00,area_trajectory,grain,,1788248280000.0,,3.00654986555502
2026-09-01T21:21:41+00:00,area_trajectory,grain,,1788248400000.0,,3.39976245100424
2026-09-01T21:21:41+00:00,area_trajectory,grain,,1788248520000.0,,3.39976245100424
2026-09-01T21:21:41+00:00,area_trajectory,grain,,1788248640000.0,,3.39976245100424
2026-09-01T21:21:41+00:00,area_trajectory,grain,,1788248760000.0,,3.39976245100424
2026-09-01T21:21:41+00:00,area_trajectory,grain,,1788248880000.0,,3.35856262190267
2026-09-01T21:21:41+00:00,area_trajectory,grain,,1788249000000.0,,3.35856262190267
2026-09-01T21:21:41+00:00,area_trajectory,grain,,1788249120000.0,,3.43404089338705
2026-09-01T21:21:41+00:00,area_trajectory,grain,,1788249240000.0,,3.43404089338705
2026-09-01T21:21:41+00:00,area_trajectory,grain,,1788249360000.0,,3.43404089338705
2026-09-01T21:21:41+00:00,area_trajectory,grain,,1788249480000.0,,3.43404089338705
2026-09-01T21:21:41+00:00,area_trajectory,grain,,1788249600000.0,,3.4637050779573597
2026-09-01T21:21:41+00:00,area_trajectory,grain,,1788249720000.0,,3.4637050779573597
2026-09-01T21:21:41+00:00,area_trajectory,grain,,1788249840000.0,,3.4637050779573597
2026-09-01T21:21:41+00:00,area_trajectory,grain,,1788249960000.0,,3.4637050779573597
2026-09-01T21:21:41+00:00,area_trajectory,grain,,1788250080000.0,,3.4637050779573597
2026-09-01T21:21:41+00:00,area_trajectory,grain,,1788250200000.0,,3.4782073972933003
2026-09-01T21:21:41+00:00,area_trajectory,grain,,1788250320000.0,,3.4782073972933003
2026-09-01T21:21:41+00:00,area_trajectory,grain,,1788250440000.0,,3.4782073972933003
2026-09-01T21:21:41+00:00,area_trajectory,grain,,1788250560000.0,,3.4782073972933003
2026-09-01T21:21:41+00:00,area_trajectory,grain,,1788250680000.0,,3.4531578367464197
2026-09-01T21:21:41+00:00,area_trajectory,grain,,1788250800000.0,,3.4531578367464197
2026-09-01T21:21:41+00:00,area_trajectory,grain,,1788250920000.0,,3.4531578367464197
2026-09-01T21:21:41+00:00,area_trajectory,grain,,1788251040000.0,,3.46634179670736
2026-09-01T21:21:41+00:00,area_trajectory,grain,,1788251160000.0,,3.46634179670736
2026-09-01T21:21:41+00:00,area_trajectory,grain,,1788251280000.0,,3.46634179670736
2026-09-01T21:21:41+00:00,area_trajectory,grain,,1788251400000.0,,3.46634179670736
2026-09-01T21:21:41+00:00,area_trajectory,grain,,1788251520000.0,,3.44392895491049
2026-09-01T21:21:41+00:00,area_trajectory,grain,,1788251640000.0,,3.44392895491049
2026-09-01T21:21:41+00:00,area_trajectory,grain,,1788251760000.0,,3.4066842039339202
2026-09-01T21:21:41+00:00,area_trajectory,grain,,1788251880000.0,,3.4066842039339202
2026-09-01T21:21:41+00:00,area_trajectory,grain,,1788252000000.0,,3.4205273435823598
2026-09-01T21:21:41+00:00,area_trajectory,grain,,1788252120000.0,,3.4205273435823598
2026-09-01T21:21:41+00:00,area_trajectory,grain,,1788252240000.0,,3.3839417722933
2026-09-01T21:21:41+00:00,area_trajectory,grain,,1788252360000.0,,3.3839417722933
2026-09-01T21:21:41+00:00,area_trajectory,grain,,1788252480000.0,,3.4327225340120497
2026-09-01T21:21:41+00:00,area_trajectory,grain,,1788252600000.0,,3.4327225340120497
2026-09-01T21:21:41+00:00,area_trajectory,grain,,1788252720000.0,,3.3753720701448597
2026-09-01T21:21:41+00:00,area_trajectory,grain,,1788252840000.0,,3.3753720701448597
2026-09-01T21:21:41+00:00,area_trajectory,grain,,1788252960000.0,,3.4244824217073604
2026-09-01T21:21:41+00:00,area_trajectory,grain,,1788253080000.0,,3.4244824217073604
2026-09-01T21:21:41+00:00,area_trajectory,grain,,1788253200000.0,,3.37042822248861
2026-09-01T21:21:41+00:00,area_trajectory,grain,,1788253320000.0,,3.37042822248861
2026-09-01T21:21:41+00:00,area_trajectory,grain,,1788253440000.0,,3.40239953596517
2026-09-01T21:21:41+00:00,area_trajectory,grain,,1788253560000.0,,3.40239953596517
2026-09-01T21:21:41+00:00,area_trajectory,grain,,1788253680000.0,,3.3819642332308
2026-09-01T21:21:41+00:00,area_trajectory,grain,,1788253800000.0,,3.3819642332308
2026-09-01T21:21:41+00:00,area_trajectory,grain,,1788253920000.0,,3.3819642332308
2026-09-01T21:21:41+00:00,area_trajectory,grain,,1788254040000.0,,3.3819642332308
2026-09-01T21:21:41+00:00,area_trajectory,grain,,1788254160000.0,,3.3605401609651704
2026-09-01T21:21:41+00:00,area_trajectory,grain,,1788254280000.0,,3.3605401609651704
2026-09-01T21:21:41+00:00,area_trajectory,grain,,1788254400000.0,,2.74946191389486
2026-09-01T21:21:41+00:00,area_trajectory,grain,,1788254520000.0,,2.74946191389486
2026-09-01T21:21:41+00:00,area_trajectory,grain,,1788254640000.0,,2.71880914289877
2026-09-01T21:21:41+00:00,area_trajectory,grain,,1788254760000.0,,2.71880914289877
2026-09-01T21:21:41+00:00,area_trajectory,grain,,1788254880000.0,,2.77154516584799
2026-09-01T21:21:41+00:00,area_trajectory,grain,,1788255000000.0,,2.77154516584799
2026-09-01T21:21:41+00:00,area_trajectory,grain,,1788255120000.0,,2.73792590315267
2026-09-01T21:21:41+00:00,area_trajectory,grain,,1788255240000.0,,2.73792590315267
2026-09-01T21:21:41+00:00,area_trajectory,grain,,1788255360000.0,,2.73792590315267
2026-09-01T21:21:41+00:00,area_trajectory,grain,,1788255480000.0,,2.73792590315267
2026-09-01T21:21:41+00:00,area_trajectory,grain,,1788255600000.0,,2.75078027326986
2026-09-01T21:21:41+00:00,area_trajectory,grain,,1788255720000.0,,2.75078027326986
2026-09-01T21:21:41+00:00,area_trajectory,grain,,1788255840000.0,,2.75078027326986
2026-09-01T21:21:41+00:00,area_trajectory,grain,,1788255960000.0,,2.75078027326986
2026-09-01T21:21:41+00:00,area_trajectory,grain,,1788256080000.0,,2.7135355222933
2026-09-01T21:21:41+00:00,area_trajectory,grain,,1788256200000.0,,2.7626458738557997
2026-09-01T21:21:41+00:00,area_trajectory,grain,,1788256320000.0,,2.7626458738557997
2026-09-01T21:21:41+00:00,area_trajectory,grain,,1788256440000.0,,2.7626458738557997
2026-09-01T21:21:41+00:00,area_trajectory,grain,,1788256560000.0,,2.74451788313314
2026-09-01T21:21:41+00:00,area_trajectory,grain,,1788256680000.0,,2.74451788313314
2026-09-01T21:21:41+00:00,area_trajectory,grain,,1788256800000.0,,2.72441235334799
2026-09-01T21:21:41+00:00,area_trajectory,grain,,1788256920000.0,,2.72441235334799
2026-09-01T21:21:41+00:00,area_trajectory,grain,,1788257040000.0,,2.75671307356283
2026-09-01T21:21:41+00:00,area_trajectory,grain,,1788257160000.0,,2.75671307356283
2026-09-01T21:21:41+00:00,area_trajectory,grain,,1788257280000.0,,2.73693713362142
2026-09-01T21:21:41+00:00,area_trajectory,grain,,1788257400000.0,,2.73693713362142
2026-09-01T21:21:41+00:00,area_trajectory,grain,,1788257520000.0,,2.9940250852815797
2026-09-01T21:21:41+00:00,area_trajectory,grain,,1788257640000.0,,2.9940250852815797
2026-09-01T21:21:41+00:00,area_trajectory,grain,,1788257760000.0,,2.88196105940267
2026-09-01T21:21:41+00:00,area_trajectory,grain,,1788257880000.0,,2.88196105940267
2026-09-01T21:21:41+00:00,area_trajectory,grain,,1788258000000.0,,3.03753222639486
2026-09-01T21:21:41+00:00,area_trajectory,grain,,1788258120000.0,,3.03753222639486
2026-09-01T21:21:41+00:00,area_trajectory,grain,,1788258240000.0,,2.91261383039877
2026-09-01T21:21:41+00:00,area_trajectory,grain,,1788258360000.0,,2.91261383039877
2026-09-01T21:21:41+00:00,area_trajectory,grain,,1788258480000.0,,2.91261383039877
2026-09-01T21:21:41+00:00,area_trajectory,grain,,1788258600000.0,,2.91261383039877
2026-09-01T21:21:41+00:00,area_trajectory,grain,,1788258720000.0,,3.0138010252229903
2026-09-01T21:21:41+00:00,area_trajectory,grain,,1788258840000.0,,3.0138010252229903
2026-09-01T21:21:41+00:00,area_trajectory,grain,,1788258960000.0,,2.97721545393392
2026-09-01T21:21:41+00:00,area_trajectory,grain,,1788259080000.0,,2.97721545393392
2026-09-01T21:21:41+00:00,area_trajectory,grain,,1788259200000.0,,2.92349066145346
2026-09-01T21:21:41+00:00,area_trajectory,grain,,1788259320000.0,,2.92349066145346
2026-09-01T21:21:41+00:00,area_trajectory,grain,,1788259440000.0,,2.9571099241487704
2026-09-01T21:21:41+00:00,area_trajectory,grain,,1788259560000.0,,2.9571099241487704
2026-09-01T21:21:41+00:00,area_trajectory,grain,,1788259680000.0,,2.92316107160971
2026-09-01T21:21:41+00:00,area_trajectory,grain,,1788259800000.0,,2.92316107160971
2026-09-01T21:21:41+00:00,area_trajectory,grain,,1788259920000.0,,2.92316107160971
2026-09-01T21:21:41+00:00,area_trajectory,grain,,1788260040000.0,,2.92316107160971
2026-09-01T21:21:41+00:00,area_trajectory,grain,,1788260160000.0,,2.92316107160971
2026-09-01T21:21:41+00:00,area_trajectory,grain,,1788260280000.0,,2.92316107160971
2026-09-01T21:21:41+00:00,area_trajectory,grain,,1788260400000.0,,2.92316107160971
2026-09-01T21:21:41+00:00,area_trajectory,grain,,1788260520000.0,,2.92316107160971
2026-09-01T21:21:41+00:00,area_trajectory,grain,,1788260640000.0,,2.91920599348471
2026-09-01T21:21:41+00:00,area_trajectory,grain,,1788260760000.0,,2.91920599348471
2026-09-01T21:21:41+00:00,area_trajectory,grain,,1788260880000.0,,2.91920599348471
2026-09-01T21:21:41+00:00,area_trajectory,grain,,1788261000000.0,,2.91920599348471
2026-09-01T21:21:41+00:00,area_trajectory,grain,,1788261120000.0,,2.98248907453939
2026-09-01T21:21:41+00:00,area_trajectory,grain,,1788261240000.0,,2.98248907453939
2026-09-01T21:21:41+00:00,area_trajectory,grain,,1788261360000.0,,2.9996282957308003
2026-09-01T21:21:41+00:00,area_trajectory,grain,,1788261480000.0,,2.9996282957308003
2026-09-01T21:21:41+00:00,area_trajectory,grain,,1788261600000.0,,2.9459035032503302
2026-09-01T21:21:41+00:00,area_trajectory,grain,,1788261720000.0,,2.9459035032503302
2026-09-01T21:21:41+00:00,area_trajectory,grain,,1788261840000.0,,2.96469067366049
2026-09-01T21:21:41+00:00,area_trajectory,grain,,1788261960000.0,,2.96469067366049
2026-09-01T21:21:41+00:00,area_trajectory,grain,,1788262080000.0,,2.91492114241049
2026-09-01T21:21:41+00:00,area_trajectory,grain,,1788262200000.0,,2.91492114241049
2026-09-01T21:21:41+00:00,area_trajectory,grain,,1788262320000.0,,2.91492114241049
2026-09-01T21:21:41+00:00,area_trajectory,grain,,1788262440000.0,,2.91492114241049
2026-09-01T21:21:41+00:00,area_trajectory,grain,,1788262560000.0,,2.95546197493002
2026-09-01T21:21:41+00:00,area_trajectory,grain,,1788262680000.0,,2.95546197493002
2026-09-01T21:21:41+00:00,area_trajectory,grain,,1788262800000.0,,2.9007482298128298
2026-09-01T21:21:41+00:00,area_trajectory,grain,,1788262920000.0,,2.9007482298128298
2026-09-01T21:21:41+00:00,area_trajectory,grain,,1788263040000.0,,2.93436749250814
2026-09-01T21:21:41+00:00,area_trajectory,grain,,1788263160000.0,,2.93436749250814
2026-09-01T21:21:41+00:00,area_trajectory,grain,,1788263280000.0,,2.96897552473471
2026-09-01T21:21:41+00:00,area_trajectory,grain,,1788263400000.0,,2.96897552473471
2026-09-01T21:21:41+00:00,area_trajectory,grain,,1788263520000.0,,2.9333787229768897
2026-09-01T21:21:41+00:00,area_trajectory,grain,,1788263640000.0,,2.9333787229768897
2026-09-01T21:21:41+00:00,area_trajectory,grain,,1788263760000.0,,2.9333787229768897
2026-09-01T21:21:41+00:00,area_trajectory,grain,,1788263880000.0,,2.9333787229768897
2026-09-01T21:21:41+00:00,area_trajectory,grain,,1788264000000.0,,2.9333787229768897
2026-09-01T21:21:41+00:00,area_trajectory,grain,,1788264120000.0,,2.9333787229768897
2026-09-01T21:21:41+00:00,area_trajectory,grain,,1788264240000.0,,2.97952276594564
2026-09-01T21:21:41+00:00,area_trajectory,grain,,1788264360000.0,,2.97952276594564
2026-09-01T21:21:41+00:00,area_trajectory,grain,,1788264480000.0,,2.96271313459799
2026-09-01T21:21:41+00:00,area_trajectory,grain,,1788264600000.0,,2.96271313459799
2026-09-01T21:21:41+00:00,area_trajectory,grain,,1788264720000.0,,2.91030670149252
2026-09-01T21:21:41+00:00,area_trajectory,grain,,1788264840000.0,,2.91030670149252
2026-09-01T21:21:41+00:00,area_trajectory,grain,,1788264960000.0,,2.92711633284017
2026-09-01T21:21:41+00:00,area_trajectory,grain,,1788265080000.0,,2.92711633284017
2026-09-01T21:21:41+00:00,area_trajectory,grain,,1788265200000.0,,2.91030670149252
2026-09-01T21:21:41+00:00,area_trajectory,grain,,1788265320000.0,,2.91030670149252
2026-09-01T21:21:41+00:00,area_trajectory,grain,,1788265440000.0,,2.99666180403158
2026-09-01T21:21:41+00:00,area_trajectory,grain,,1788265560000.0,,2.99666180403158
2026-09-01T21:21:41+00:00,area_trajectory,grain,,1788265680000.0,,2.9775450437776696
2026-09-01T21:21:41+00:00,area_trajectory,grain,,1788265800000.0,,2.9775450437776696
2026-09-01T21:21:41+00:00,area_trajectory,grain,,1788265920000.0,,3.2550681150667398
2026-09-01T21:21:41+00:00,area_trajectory,grain,,1788266040000.0,,3.2550681150667398
2026-09-01T21:21:41+00:00,area_trajectory,grain,,1788266160000.0,,3.21386828596517
2026-09-01T21:21:41+00:00,area_trajectory,grain,,1788266280000.0,,3.21386828596517
2026-09-01T21:21:41+00:00,area_trajectory,grain,,1788266400000.0,,3.17860107405111
2026-09-01T21:21:41+00:00,area_trajectory,grain,,1788266520000.0,,3.17860107405111
2026-09-01T21:21:41+00:00,area_trajectory,grain,,1788266640000.0,,3.24649877912924
2026-09-01T21:21:41+00:00,area_trajectory,grain,,1788266760000.0,,3.24649877912924
2026-09-01T21:21:41+00:00,area_trajectory,grain,,1788266880000.0,,3.1947513426058
2026-09-01T21:21:41+00:00,area_trajectory,grain,,1788267000000.0,,3.1947513426058
2026-09-01T21:21:41+00:00,area_trajectory,grain,,1788267120000.0,,3.2451800535433
2026-09-01T21:21:41+00:00,area_trajectory,grain,,1788267240000.0,,3.2451800535433
2026-09-01T21:21:41+00:00,area_trajectory,grain,,1788267360000.0,,3.2313369138948596
2026-09-01T21:21:41+00:00,area_trajectory,grain,,1788267480000.0,,3.2313369138948596
2026-09-01T21:21:41+00:00,area_trajectory,grain,,1788267600000.0,,3.21353869612142
2026-09-01T21:21:41+00:00,area_trajectory,grain,,1788267720000.0,,3.21353869612142
2026-09-01T21:21:41+00:00,area_trajectory,grain,,1788267840000.0,,3.2306777342073603
2026-09-01T21:21:41+00:00,area_trajectory,grain,,1788267960000.0,,3.2306777342073603
2026-09-01T21:21:41+00:00,area_trajectory,grain,,1788268080000.0,,3.26495617659017
2026-09-01T21:21:41+00:00,area_trajectory,grain,,1788268200000.0,,3.26495617659017
2026-09-01T21:21:41+00:00,area_trajectory,grain,,1788268320000.0,,3.2306777342073603
2026-09-01T21:21:41+00:00,area_trajectory,grain,,1788268440000.0,,3.2306777342073603
2026-09-01T21:21:41+00:00,area_trajectory,grain,,1788268560000.0,,3.2306777342073603
2026-09-01T21:21:41+00:00,area_trajectory,grain,,1788268680000.0,,3.2306777342073603
2026-09-01T21:21:41+00:00,area_trajectory,grain,,1788268800000.0,,3.2306777342073603
2026-09-01T21:21:41+00:00,area_trajectory,grain,,1788268920000.0,,3.2306777342073603
2026-09-01T21:21:41+00:00,area_trajectory,grain,,1788269040000.0,,3.24353210432455
2026-09-01T21:21:41+00:00,area_trajectory,grain,,1788269160000.0,,3.24353210432455
2026-09-01T21:21:41+00:00,area_trajectory,grain,,1788269280000.0,,3.22474511701986
2026-09-01T21:21:41+00:00,area_trajectory,grain,,1788269400000.0,,3.22474511701986
2026-09-01T21:21:41+00:00,area_trajectory,grain,,1788269520000.0,,3.22474511701986
2026-09-01T21:21:41+00:00,area_trajectory,grain,,1788269640000.0,,3.22474511701986
2026-09-01T21:21:41+00:00,area_trajectory,grain,,1788269760000.0,,3.2570456541292403
2026-09-01T21:21:41+00:00,area_trajectory,grain,,1788269880000.0,,3.2570456541292403
2026-09-01T21:21:41+00:00,area_trajectory,grain,,1788270000000.0,,3.18651159651205
2026-09-01T21:21:41+00:00,area_trajectory,grain,,1788270120000.0,,3.18651159651205
2026-09-01T21:21:41+00:00,area_trajectory,grain,,1788270240000.0,,3.2207896726839196
2026-09-01T21:21:41+00:00,area_trajectory,grain,,1788270360000.0,,3.2207896726839196
2026-09-01T21:21:41+00:00,area_trajectory,grain,,1788270480000.0,,3.2408953855745497
2026-09-01T21:21:41+00:00,area_trajectory,grain,,1788270600000.0,,3.2408953855745497
2026-09-01T21:21:41+00:00,area_trajectory,grain,,1788270720000.0,,3.2553977049104903
2026-09-01T21:21:41+00:00,area_trajectory,grain,,1788270840000.0,,3.23759948713705
2026-09-01T21:21:41+00:00,area_trajectory,grain,,1788270960000.0,,3.23759948713705
2026-09-01T21:21:41+00:00,area_trajectory,grain,,1788271080000.0,,3.23759948713705
2026-09-01T21:21:41+00:00,area_trajectory,grain,,1788271200000.0,,3.27022998030111
2026-09-01T21:21:41+00:00,area_trajectory,grain,,1788271320000.0,,3.27022998030111
2026-09-01T21:21:41+00:00,area_trajectory,grain,,1788271440000.0,,3.25407934553549
2026-09-01T21:21:41+00:00,area_trajectory,grain,,1788271560000.0,,3.25407934553549
2026-09-01T21:21:41+00:00,area_trajectory,grain,,1788271680000.0,,3.25407934553549
2026-09-01T21:21:41+00:00,area_trajectory,grain,,1788271800000.0,,3.25407934553549
2026-09-01T21:21:41+00:00,area_trajectory,grain,,1788271920000.0,,3.2020026853792403
2026-09-01T21:21:41+00:00,area_trajectory,grain,,1788272040000.0,,3.2020026853792403
2026-09-01T21:21:41+00:00,area_trajectory,grain,,1788272160000.0,,3.27121874983236
2026-09-01T21:21:41+00:00,area_trajectory,grain,,1788272280000.0,,3.27121874983236
2026-09-01T21:21:41+00:00,area_trajectory,grain,,1788272400000.0,,3.21881213362142
2026-09-01T21:21:41+00:00,area_trajectory,grain,,1788272520000.0,,3.21881213362142
2026-09-01T21:21:41+00:00,area_trajectory,grain,,1788272640000.0,,3.23496276838705
2026-09-01T21:21:41+00:00,area_trajectory,grain,,1788272760000.0,,3.23496276838705
2026-09-01T21:21:41+00:00,area_trajectory,grain,,1788272880000.0,,3.2514426267854897
2026-09-01T21:21:41+00:00,area_trajectory,grain,,1788273000000.0,,3.2514426267854897
2026-09-01T21:21:41+00:00,area_trajectory,grain,,1788273120000.0,,3.2313369138948596
2026-09-01T21:21:41+00:00,area_trajectory,grain,,1788273240000.0,,3.2313369138948596
2026-09-01T21:21:41+00:00,area_trajectory,grain,,1788273360000.0,,3.21452746565267
2026-09-01T21:21:41+00:00,area_trajectory,grain,,1788273480000.0,,3.21452746565267
2026-09-01T21:21:41+00:00,area_trajectory,grain,,1788273600000.0,,3.21452746565267
2026-09-01T21:21:41+00:00,area_trajectory,grain,,1788273720000.0,,3.21452746565267
2026-09-01T21:21:41+00:00,area_trajectory,grain,,1788273840000.0,,3.25111303694174
2026-09-01T21:21:41+00:00,area_trajectory,grain,,1788273960000.0,,3.25111303694174
2026-09-01T21:21:41+00:00,area_trajectory,grain,,1788274080000.0,,3.2191417234651705
2026-09-01T21:21:41+00:00,area_trajectory,grain,,1788274200000.0,,3.2191417234651705
2026-09-01T21:21:41+00:00,area_trajectory,grain,,1788274320000.0,,3.23364404280111
2026-09-01T21:21:41+00:00,area_trajectory,grain,,1788274440000.0,,3.23364404280111
2026-09-01T21:21:41+00:00,area_trajectory,grain,,1788274560000.0,,3.21782336409017
2026-09-01T21:21:41+00:00,area_trajectory,grain,,1788274680000.0,,3.21782336409017
2026-09-01T21:21:41+00:00,area_trajectory,grain,,1788274800000.0,,3.21782336409017
2026-09-01T21:21:41+00:00,area_trajectory,grain,,1788274920000.0,,3.21782336409017
2026-09-01T21:21:41+00:00,area_trajectory,grain,,1788275040000.0,,3.21518664534017
2026-09-01T21:21:41+00:00,area_trajectory,grain,,1788275160000.0,,3.2016730955354897
2026-09-01T21:21:41+00:00,area_trajectory,grain,,1788275280000.0,,3.2016730955354897
2026-09-01T21:21:41+00:00,area_trajectory,grain,,1788275400000.0,,3.2016730955354897
2026-09-01T21:21:41+00:00,area_trajectory,grain,,1788275520000.0,,3.22046008284017
2026-09-01T21:21:41+00:00,area_trajectory,grain,,1788275640000.0,,3.22046008284017
2026-09-01T21:21:41+00:00,area_trajectory,grain,,1788275760000.0,,3.25210180647299
2026-09-01T21:21:41+00:00,area_trajectory,grain,,1788275880000.0,,3.25210180647299
2026-09-01T21:21:41+00:00,area_trajectory,grain,,1788276000000.0,,3.2343035886995497
2026-09-01T21:21:41+00:00,area_trajectory,grain,,1788276120000.0,,3.2343035886995497
2026-09-01T21:21:41+00:00,area_trajectory,grain,,1788276240000.0,,3.22046008284017
2026-09-01T21:21:41+00:00,area_trajectory,grain,,1788276360000.0,,3.22046008284017
2026-09-01T21:21:41+00:00,area_trajectory,grain,,1788276480000.0,,3.22046008284017
2026-09-01T21:21:41+00:00,area_trajectory,grain,,1788276600000.0,,3.22046008284017
2026-09-01T21:21:41+00:00,area_trajectory,grain,,1788276720000.0,,3.22046008284017
2026-09-01T21:21:41+00:00,area_trajectory,grain,,1788276840000.0,,3.22046008284017
2026-09-01T21:21:41+00:00,area_trajectory,grain,,1788276960000.0,,3.2039802244417404
2026-09-01T21:21:41+00:00,area_trajectory,grain,,1788277080000.0,,3.2039802244417404
2026-09-01T21:21:41+00:00,area_trajectory,grain,,1788277200000.0,,3.18651159651205
2026-09-01T21:21:41+00:00,area_trajectory,grain,,1788277320000.0,,3.18651159651205
2026-09-01T21:21:41+00:00,area_trajectory,grain,,1788277440000.0,,3.2016730955354897
2026-09-01T21:21:41+00:00,area_trajectory,grain,,1788277560000.0,,3.2016730955354897
2026-09-01T21:21:41+00:00,area_trajectory,grain,,1788277680000.0,,3.18420410139486
2026-09-01T21:21:41+00:00,area_trajectory,grain,,1788277800000.0,,3.18420410139486
2026-09-01T21:21:41+00:00,area_trajectory,grain,,1788277920000.0,,3.2524313963167404
2026-09-01T21:21:41+00:00,area_trajectory,grain,,1788278040000.0,,3.20068432600424
2026-09-01T21:21:41+00:00,area_trajectory,grain,,1788278160000.0,,3.20068432600424
2026-09-01T21:21:41+00:00,area_trajectory,grain,,1788278280000.0,,3.20068432600424
2026-09-01T21:21:41+00:00,area_trajectory,grain,,1788278400000.0,,3.21386828596517
2026-09-01T21:21:41+00:00,area_trajectory,grain,,1788278520000.0,,3.21386828596517
2026-09-01T21:21:41+00:00,area_trajectory,grain,,1788278640000.0,,3.2629786375276697
2026-09-01T21:21:41+00:00,area_trajectory,grain,,1788278760000.0,,3.2629786375276697
2026-09-01T21:21:41+00:00,area_trajectory,grain,,1788278880000.0,,3.22705224592611
2026-09-01T21:21:41+00:00,area_trajectory,grain,,1788279000000.0,,3.22705224592611
2026-09-01T21:21:41+00:00,area_trajectory,grain,,1788279120000.0,,3.2099128416292397
2026-09-01T21:21:41+00:00,area_trajectory,grain,,1788279240000.0,,3.2099128416292397
2026-09-01T21:21:41+00:00,area_trajectory,grain,,1788279360000.0,,3.2099128416292397
2026-09-01T21:21:41+00:00,area_trajectory,grain,,1788279480000.0,,3.2099128416292397
2026-09-01T21:21:41+00:00,area_trajectory,grain,,1788279600000.0,,3.22177844221517
2026-09-01T21:21:41+00:00,area_trajectory,grain,,1788279720000.0,,3.22177844221517
2026-09-01T21:21:41+00:00,area_trajectory,grain,,1788279840000.0,,3.22177844221517
2026-09-01T21:21:41+00:00,area_trajectory,grain,,1788279960000.0,,3.22177844221517
2026-09-01T21:21:41+00:00,area_trajectory,grain,,1788280080000.0,,3.25572729475424
2026-09-01T21:21:41+00:00,area_trajectory,grain,,1788280200000.0,,3.25572729475424
2026-09-01T21:21:41+00:00,area_trajectory,grain,,1788280320000.0,,3.2343035886995497
2026-09-01T21:21:41+00:00,area_trajectory,grain,,1788280440000.0,,3.2343035886995497
2026-09-01T21:21:41+00:00,area_trajectory,grain,,1788280560000.0,,3.18255615217611
2026-09-01T21:21:41+00:00,area_trajectory,grain,,1788280680000.0,,3.18255615217611
2026-09-01T21:21:41+00:00,area_trajectory,grain,,1788280800000.0,,3.18255615217611
2026-09-01T21:21:41+00:00,area_trajectory,grain,,1788280920000.0,,3.18255615217611
2026-09-01T21:21:41+00:00,area_trajectory,grain,,1788281040000.0,,3.22935937483236
2026-09-01T21:21:41+00:00,area_trajectory,grain,,1788281160000.0,,3.22935937483236
2026-09-01T21:21:41+00:00,area_trajectory,grain,,1788281280000.0,,3.20958325178549
2026-09-01T21:21:41+00:00,area_trajectory,grain,,1788281400000.0,,3.20958325178549
2026-09-01T21:21:41+00:00,area_trajectory,grain,,1788281520000.0,,3.20958325178549
2026-09-01T21:21:41+00:00,area_trajectory,grain,,1788281640000.0,,3.20958325178549
2026-09-01T21:21:41+00:00,area_trajectory,grain,,1788281760000.0,,3.25968273909017
2026-09-01T21:21:41+00:00,area_trajectory,grain,,1788281880000.0,,3.25968273909017
2026-09-01T21:21:41+00:00,area_trajectory,grain,,1788282000000.0,,3.2392474363558
2026-09-01T21:21:41+00:00,area_trajectory,grain,,1788282120000.0,,3.2392474363558
2026-09-01T21:21:41+00:00,area_trajectory,grain,,1788282240000.0,,3.22111926252767
2026-09-01T21:21:41+00:00,area_trajectory,grain,,1788282360000.0,,3.22111926252767
2026-09-01T21:21:41+00:00,area_trajectory,grain,,1788282480000.0,,3.22111926252767
2026-09-01T21:21:41+00:00,area_trajectory,grain,,1788282600000.0,,3.22111926252767
2026-09-01T21:21:41+00:00,area_trajectory,grain,,1788282720000.0,,3.22111926252767
2026-09-01T21:21:41+00:00,area_trajectory,grain,,1788282840000.0,,3.22111926252767
2026-09-01T21:21:41+00:00,area_trajectory,grain,,1788282960000.0,,3.20365063459799
2026-09-01T21:21:41+00:00,area_trajectory,grain,,1788283080000.0,,3.20365063459799
2026-09-01T21:21:41+00:00,area_trajectory,grain,,1788283200000.0,,3.23628112776205
2026-09-01T21:21:41+00:00,area_trajectory,grain,,1788283320000.0,,3.23628112776205
2026-09-01T21:21:41+00:00,area_trajectory,grain,,1788283440000.0,,3.2181529539339198
2026-09-01T21:21:41+00:00,area_trajectory,grain,,1788283560000.0,,3.2181529539339198
2026-09-01T21:21:41+00:00,area_trajectory,grain,,1788283680000.0,,3.25276098616049
2026-09-01T21:21:41+00:00,area_trajectory,grain,,1788283800000.0,,3.25276098616049
2026-09-01T21:21:41+00:00,area_trajectory,grain,,1788283920000.0,,3.2184825437776703
2026-09-01T21:21:41+00:00,area_trajectory,grain,,1788284040000.0,,3.2184825437776703
2026-09-01T21:21:41+00:00,area_trajectory,grain,,1788284160000.0,,3.23397363264486
2026-09-01T21:21:41+00:00,area_trajectory,grain,,1788284280000.0,,3.23397363264486
2026-09-01T21:21:41+00:00,area_trajectory,grain,,1788284400000.0,,3.21683459455892
2026-09-01T21:21:41+00:00,area_trajectory,grain,,1788284520000.0,,3.21683459455892
2026-09-01T21:21:41+00:00,area_trajectory,grain,,1788284640000.0,,3.26561535627767
2026-09-01T21:21:41+00:00,area_trajectory,grain,,1788284760000.0,,3.26561535627767
2026-09-01T21:21:41+00:00,area_trajectory,grain,,1788284880000.0,,3.2844027097933
2026-09-01T21:21:41+00:00,area_trajectory,grain,,1788285000000.0,,3.2844027097933
2026-09-01T21:21:41+00:00,area_trajectory,grain,,1788285120000.0,,3.25012426741049
2026-09-01T21:21:41+00:00,area_trajectory,grain,,1788285240000.0,,3.25012426741049
2026-09-01T21:21:41+00:00,area_trajectory,grain,,1788285360000.0,,3.41723144514486
2026-09-01T21:21:41+00:00,area_trajectory,grain,,1788285480000.0,,3.41723144514486
2026-09-01T21:21:41+00:00,area_trajectory,grain,,1788285600000.0,,3.41723144514486
2026-09-01T21:21:41+00:00,area_trajectory,grain,,1788285720000.0,,3.41723144514486
2026-09-01T21:21:41+00:00,area_trajectory,grain,,1788285840000.0,,3.41723144514486
2026-09-01T21:21:41+00:00,area_trajectory,grain,,1788285960000.0,,3.41723144514486
2026-09-01T21:21:41+00:00,area_trajectory,grain,,1788286080000.0,,3.4290970457307997
2026-09-01T21:21:41+00:00,area_trajectory,grain,,1788286200000.0,,3.4103096922151703
2026-09-01T21:21:41+00:00,area_trajectory,grain,,1788286320000.0,,3.4103096922151703
2026-09-01T21:21:41+00:00,area_trajectory,grain,,1788286440000.0,,3.4103096922151703
2026-09-01T21:21:41+00:00,area_trajectory,grain,,1788286560000.0,,3.4103096922151703
2026-09-01T21:21:41+00:00,area_trajectory,grain,,1788286680000.0,,3.4103096922151703
2026-09-01T21:21:41+00:00,area_trajectory,grain,,1788286800000.0,,3.4103096922151703
2026-09-01T21:21:41+00:00,area_trajectory,grain,,1788286920000.0,,3.4103096922151703
2026-09-01T21:21:41+00:00,area_trajectory,grain,,1788287040000.0,,3.4103096922151703
2026-09-01T21:21:41+00:00,area_trajectory,grain,,1788287160000.0,,3.4103096922151703
2026-09-01T21:21:41+00:00,area_trajectory,grain,,1788287280000.0,,3.4027291258089205
2026-09-01T21:21:41+00:00,area_trajectory,grain,,1788287400000.0,,3.4027291258089205
2026-09-01T21:21:41+00:00,area_trajectory,grain,,1788287520000.0,,3.36910986311361
2026-09-01T21:21:41+00:00,area_trajectory,grain,,1788287640000.0,,3.36910986311361
2026-09-01T21:21:41+00:00,area_trajectory,grain,,1788287760000.0,,3.3196699217073604
2026-09-01T21:21:41+00:00,area_trajectory,grain,,1788287880000.0,,3.3196699217073604
2026-09-01T21:21:41+00:00,area_trajectory,grain,,1788288000000.0,,3.25111303694174
2026-09-01T21:21:41+00:00,area_trajectory,grain,,1788288120000.0,,3.25111303694174
2026-09-01T21:21:41+00:00,area_trajectory,grain,,1788288240000.0,,3.2998937986604897
2026-09-01T21:21:41+00:00,area_trajectory,grain,,1788288360000.0,,3.2998937986604897
2026-09-01T21:21:41+00:00,area_trajectory,grain,,1788288480000.0,,3.2478171385042396
2026-09-01T21:21:41+00:00,area_trajectory,grain,,1788288600000.0,,3.2478171385042396
2026-09-01T21:21:41+00:00,area_trajectory,grain,,1788288720000.0,,3.27978808576986
2026-09-01T21:21:41+00:00,area_trajectory,grain,,1788288840000.0,,3.27978808576986
2026-09-01T21:21:41+00:00,area_trajectory,grain,,1788288960000.0,,3.2451800535433
2026-09-01T21:21:41+00:00,area_trajectory,grain,,1788289080000.0,,3.2451800535433
2026-09-01T21:21:41+00:00,area_trajectory,grain,,1788289200000.0,,3.2267226560823596
2026-09-01T21:21:41+00:00,area_trajectory,grain,,1788289320000.0,,3.2267226560823596
2026-09-01T21:21:41+00:00,area_trajectory,grain,,1788289440000.0,,3.2418841551057995
2026-09-01T21:21:41+00:00,area_trajectory,grain,,1788289560000.0,,3.2418841551057995
2026-09-01T21:21:41+00:00,area_trajectory,grain,,1788289680000.0,,3.2260634763948604
2026-09-01T21:21:41+00:00,area_trajectory,grain,,1788289800000.0,,3.2260634763948604
2026-09-01T21:21:41+00:00,area_trajectory,grain,,1788289920000.0,,3.2428729246370502
2026-09-01T21:21:41+00:00,area_trajectory,grain,,1788290040000.0,,3.2428729246370502
2026-09-01T21:21:41+00:00,area_trajectory,grain,,1788290160000.0,,3.2428729246370502
2026-09-01T21:21:41+00:00,area_trajectory,grain,,1788290280000.0,,3.2428729246370502
2026-09-01T21:21:41+00:00,area_trajectory,grain,,1788290400000.0,,3.2260634763948604
2026-09-01T21:21:41+00:00,area_trajectory,grain,,1788290520000.0,,3.2260634763948604
2026-09-01T21:21:41+00:00,area_trajectory,grain,,1788290640000.0,,3.2929720457308
2026-09-01T21:21:41+00:00,area_trajectory,grain,,1788290760000.0,,3.2929720457308
2026-09-01T21:21:41+00:00,area_trajectory,grain,,1788290880000.0,,3.27418505842611
2026-09-01T21:21:41+00:00,area_trajectory,grain,,1788291000000.0,,3.27418505842611
2026-09-01T21:21:41+00:00,area_trajectory,grain,,1788291120000.0,,3.2395770261995502
2026-09-01T21:21:41+00:00,area_trajectory,grain,,1788291240000.0,,3.2395770261995502
2026-09-01T21:21:41+00:00,area_trajectory,grain,,1788291360000.0,,3.20727612287924
2026-09-01T21:21:41+00:00,area_trajectory,grain,,1788291480000.0,,3.20727612287924
2026-09-01T21:21:41+00:00,area_trajectory,grain,,1788291600000.0,,3.2570456541292403
2026-09-01T21:21:41+00:00,area_trajectory,grain,,1788291720000.0,,3.2570456541292403
2026-09-01T21:21:41+00:00,area_trajectory,grain,,1788291840000.0,,3.2366107176058003
2026-09-01T21:21:41+00:00,area_trajectory,grain,,1788291960000.0,,3.2366107176058003
2026-09-01T21:21:41+00:00,area_trajectory,grain,,1788292080000.0,,3.21947131330892
2026-09-01T21:21:41+00:00,area_trajectory,grain,,1788292200000.0,,3.21947131330892
2026-09-01T21:21:41+00:00,area_trajectory,grain,,1788292320000.0,,3.27022998030111
2026-09-01T21:21:41+00:00,area_trajectory,grain,,1788292440000.0,,3.27022998030111
2026-09-01T21:21:41+00:00,area_trajectory,grain,,1788292560000.0,,3.25111303694174
2026-09-01T21:21:41+00:00,area_trajectory,grain,,1788292680000.0,,3.25111303694174
2026-09-01T21:21:41+00:00,area_trajectory,grain,,1788292800000.0,,3.23364404280111
2026-09-01T21:21:41+00:00,area_trajectory,grain,,1788292920000.0,,3.23364404280111
2026-09-01T21:21:41+00:00,area_trajectory,grain,,1788293040000.0,,3.2488059080354903
2026-09-01T21:21:41+00:00,area_trajectory,grain,,1788293160000.0,,3.2488059080354903
2026-09-01T21:21:41+00:00,area_trajectory,grain,,1788293280000.0,,3.2488059080354903
2026-09-01T21:21:41+00:00,area_trajectory,grain,,1788293400000.0,,3.2488059080354903
2026-09-01T21:21:41+00:00,area_trajectory,grain,,1788293520000.0,,3.2488059080354903
2026-09-01T21:21:41+00:00,area_trajectory,grain,,1788293640000.0,,3.2488059080354903
2026-09-01T21:21:41+00:00,area_trajectory,grain,,1788293760000.0,,3.2488059080354903
2026-09-01T21:21:41+00:00,area_trajectory,grain,,1788293880000.0,,3.2488059080354903
2026-09-01T21:21:41+00:00,area_trajectory,grain,,1788294000000.0,,3.26198986799642
2026-09-01T21:21:41+00:00,area_trajectory,grain,,1788294120000.0,,3.26198986799642
2026-09-01T21:21:41+00:00,area_trajectory,grain,,1788294240000.0,,3.2438616941683
2026-09-01T21:21:41+00:00,area_trajectory,grain,,1788294360000.0,,3.2438616941683
2026-09-01T21:21:41+00:00,area_trajectory,grain,,1788294480000.0,,3.30879309065267
2026-09-01T21:21:41+00:00,area_trajectory,grain,,1788294600000.0,,3.30879309065267
2026-09-01T21:21:41+00:00,area_trajectory,grain,,1788294720000.0,,3.2771513670198598
2026-09-01T21:21:41+00:00,area_trajectory,grain,,1788294840000.0,,3.2771513670198598
2026-09-01T21:21:41+00:00,area_trajectory,grain,,1788294960000.0,,3.2629786375276697
2026-09-01T21:21:41+00:00,area_trajectory,grain,,1788295080000.0,,3.2629786375276697
2026-09-01T21:21:41+00:00,area_trajectory,grain,,1788295200000.0,,3.33120593244955
2026-09-01T21:21:41+00:00,area_trajectory,grain,,1788295320000.0,,3.33120593244955
2026-09-01T21:21:41+00:00,area_trajectory,grain,,1788295440000.0,,3.31472570784017
2026-09-01T21:21:41+00:00,area_trajectory,grain,,1788295560000.0,,3.31472570784017
2026-09-01T21:21:41+00:00,area_trajectory,grain,,1788295680000.0,,3.24814672834799
2026-09-01T21:21:41+00:00,area_trajectory,grain,,1788295800000.0,,3.24814672834799
2026-09-01T21:21:41+00:00,area_trajectory,grain,,1788295920000.0,,3.2817656248323597
2026-09-01T21:21:41+00:00,area_trajectory,grain,,1788296040000.0,,3.2817656248323597
2026-09-01T21:21:41+00:00,area_trajectory,grain,,1788296160000.0,,3.31406652815267
2026-09-01T21:21:41+00:00,area_trajectory,grain,,1788296280000.0,,3.31406652815267
2026-09-01T21:21:41+00:00,area_trajectory,grain,,1788296400000.0,,3.31406652815267
2026-09-01T21:21:41+00:00,area_trajectory,grain,,1788296520000.0,,3.31406652815267
2026-09-01T21:21:41+00:00,area_trajectory,grain,,1788296640000.0,,3.23496276838705
2026-09-01T21:21:41+00:00,area_trajectory,grain,,1788296760000.0,,3.23496276838705
2026-09-01T21:21:41+00:00,area_trajectory,grain,,1788296880000.0,,3.30055297834799
2026-09-01T21:21:41+00:00,area_trajectory,grain,,1788297000000.0,,3.30055297834799
2026-09-01T21:21:41+00:00,area_trajectory,grain,,1788297120000.0,,3.26825207502767
2026-09-01T21:21:41+00:00,area_trajectory,grain,,1788297240000.0,,3.26825207502767
2026-09-01T21:21:41+00:00,area_trajectory,grain,,1788297360000.0,,3.30483764631674
2026-09-01T21:21:41+00:00,area_trajectory,grain,,1788297480000.0,,3.30483764631674
2026-09-01T21:21:41+00:00,area_trajectory,grain,,1788297600000.0,,3.30483764631674
2026-09-01T21:21:41+00:00,area_trajectory,grain,,1788297720000.0,,3.30483764631674
2026-09-01T21:21:41+00:00,area_trajectory,grain,,1788297840000.0,,3.30483764631674
2026-09-01T21:21:41+00:00,area_trajectory,grain,,1788297960000.0,,3.30483764631674
2026-09-01T21:21:41+00:00,area_trajectory,grain,,1788298080000.0,,3.2896761472933
2026-09-01T21:21:41+00:00,area_trajectory,grain,,1788298200000.0,,3.2896761472933
2026-09-01T21:21:41+00:00,area_trajectory,grain,,1788298320000.0,,3.2896761472933
2026-09-01T21:21:41+00:00,area_trajectory,grain,,1788298440000.0,,3.2896761472933
2026-09-01T21:21:41+00:00,area_trajectory,grain,,1788298560000.0,,3.2896761472933
2026-09-01T21:21:41+00:00,area_trajectory,grain,,1788298680000.0,,3.2896761472933
2026-09-01T21:21:41+00:00,area_trajectory,grain,,1788298800000.0,,3.22870019514486
2026-09-01T21:21:41+00:00,area_trajectory,grain,,1788298920000.0,,3.22870019514486
2026-09-01T21:21:41+00:00,area_trajectory,grain,,1788299040000.0,,3.3470266111604903
2026-09-01T21:21:41+00:00,area_trajectory,grain,,1788299160000.0,,3.3470266111604903
2026-09-01T21:21:41+00:00,area_trajectory,grain,,1788299280000.0,,3.26396740705892
2026-09-01T21:21:41+00:00,area_trajectory,grain,,1788299400000.0,,3.26396740705892
2026-09-01T21:21:41+00:00,area_trajectory,grain,,1788299520000.0,,3.31769201643392
2026-09-01T21:21:41+00:00,area_trajectory,grain,,1788299640000.0,,3.31769201643392
2026-09-01T21:21:41+00:00,area_trajectory,grain,,1788299760000.0,,3.30088256819174
2026-09-01T21:21:41+00:00,area_trajectory,grain,,1788299880000.0,,3.30088256819174
2026-09-01T21:21:41+00:00,area_trajectory,grain,,1788300000000.0,,3.30088256819174
2026-09-01T21:21:41+00:00,area_trajectory,grain,,1788300120000.0,,3.30088256819174
2026-09-01T21:21:41+00:00,area_trajectory,grain,,1788300240000.0,,3.2728666990511104
2026-09-01T21:21:41+00:00,area_trajectory,grain,,1788300360000.0,,3.22342675764486
2026-09-01T21:21:41+00:00,area_trajectory,grain,,1788300480000.0,,3.22342675764486
2026-09-01T21:21:41+00:00,area_trajectory,grain,,1788300600000.0,,3.22342675764486
2026-09-01T21:21:41+00:00,area_trajectory,milford_haven,,1788238800000.0,,5.35660886764526
2026-09-01T21:21:41+00:00,area_trajectory,milford_haven,,1788238920000.0,,5.35660886764526
2026-09-01T21:21:41+00:00,area_trajectory,milford_haven,,1788239040000.0,,5.4176459312439
2026-09-01T21:21:41+00:00,area_trajectory,milford_haven,,1788239160000.0,,5.4176459312439
2026-09-01T21:21:41+00:00,area_trajectory,milford_haven,,1788239280000.0,,5.4176459312439
2026-09-01T21:21:41+00:00,area_trajectory,milford_haven,,1788239400000.0,,5.33707714080811
2026-09-01T21:21:41+00:00,area_trajectory,milford_haven,,1788239520000.0,,5.227210521698
2026-09-01T21:21:41+00:00,area_trajectory,milford_haven,,1788239640000.0,,5.227210521698
2026-09-01T21:21:41+00:00,area_trajectory,milford_haven,,1788239760000.0,,5.227210521698
2026-09-01T21:21:41+00:00,area_trajectory,milford_haven,,1788239880000.0,,5.14664125442505
2026-09-01T21:21:41+00:00,area_trajectory,milford_haven,,1788240000000.0,,5.14664125442505
2026-09-01T21:21:41+00:00,area_trajectory,milford_haven,,1788240120000.0,,5.14664125442505
2026-09-01T21:21:41+00:00,area_trajectory,milford_haven,,1788240240000.0,,5.0660724639892605
2026-09-01T21:21:41+00:00,area_trajectory,milford_haven,,1788240360000.0,,5.0660724639892605
2026-09-01T21:21:41+00:00,area_trajectory,milford_haven,,1788240480000.0,,5.0660724639892605
2026-09-01T21:21:41+00:00,area_trajectory,milford_haven,,1788240600000.0,,5.0660724639892605
2026-09-01T21:21:41+00:00,area_trajectory,milford_haven,,1788240720000.0,,5.0660724639892605
2026-09-01T21:21:41+00:00,area_trajectory,milford_haven,,1788240840000.0,,5.0660724639892605
2026-09-01T21:21:41+00:00,area_trajectory,milford_haven,,1788240960000.0,,5.0660724639892605
2026-09-01T21:21:41+00:00,area_trajectory,milford_haven,,1788241080000.0,,5.0660724639892605
2026-09-01T21:21:41+00:00,area_trajectory,milford_haven,,1788241200000.0,,5.0660724639892605
2026-09-01T21:21:41+00:00,area_trajectory,milford_haven,,1788241320000.0,,5.0660724639892605
2026-09-01T21:21:41+00:00,area_trajectory,milford_haven,,1788241440000.0,,5.0660724639892605
2026-09-01T21:21:41+00:00,area_trajectory,milford_haven,,1788241560000.0,,5.0660724639892605
2026-09-01T21:21:41+00:00,area_trajectory,milford_haven,,1788241680000.0,,4.97573757171631
2026-09-01T21:21:41+00:00,area_trajectory,milford_haven,,1788241800000.0,,4.97573757171631
2026-09-01T21:21:41+00:00,area_trajectory,milford_haven,,1788241920000.0,,4.97573757171631
2026-09-01T21:21:41+00:00,area_trajectory,milford_haven,,1788242040000.0,,4.97573757171631
2026-09-01T21:21:41+00:00,area_trajectory,milford_haven,,1788242160000.0,,4.97573757171631
2026-09-01T21:21:41+00:00,area_trajectory,milford_haven,,1788242280000.0,,4.97573757171631
2026-09-01T21:21:41+00:00,area_trajectory,milford_haven,,1788242400000.0,,4.97573757171631
2026-09-01T21:21:41+00:00,area_trajectory,milford_haven,,1788242520000.0,,4.97573757171631
2026-09-01T21:21:41+00:00,area_trajectory,milford_haven,,1788242640000.0,,4.98306226730347
2026-09-01T21:21:41+00:00,area_trajectory,milford_haven,,1788242760000.0,,4.98306226730347
2026-09-01T21:21:41+00:00,area_trajectory,milford_haven,,1788242880000.0,,4.98306226730347
2026-09-01T21:21:41+00:00,area_trajectory,milford_haven,,1788243000000.0,,4.98306226730347
2026-09-01T21:21:41+00:00,area_trajectory,milford_haven,,1788243120000.0,,4.98306226730347
2026-09-01T21:21:41+00:00,area_trajectory,milford_haven,,1788243240000.0,,4.98306226730347
2026-09-01T21:21:41+00:00,area_trajectory,milford_haven,,1788243360000.0,,4.98306226730347
2026-09-01T21:21:41+00:00,area_trajectory,milford_haven,,1788243480000.0,,4.98306226730347
2026-09-01T21:21:41+00:00,area_trajectory,milford_haven,,1788243600000.0,,4.98306226730347
2026-09-01T21:21:41+00:00,area_trajectory,milford_haven,,1788243720000.0,,4.98306226730347
2026-09-01T21:21:41+00:00,area_trajectory,milford_haven,,1788243840000.0,,4.98306226730347
2026-09-01T21:21:41+00:00,area_trajectory,milford_haven,,1788243960000.0,,4.98306226730347
2026-09-01T21:21:41+00:00,area_trajectory,milford_haven,,1788244080000.0,,4.98306226730347
2026-09-01T21:21:41+00:00,area_trajectory,milford_haven,,1788244200000.0,,4.98306226730347
2026-09-01T21:21:41+00:00,area_trajectory,milford_haven,,1788244320000.0,,4.98306226730347
2026-09-01T21:21:41+00:00,area_trajectory,milford_haven,,1788244440000.0,,4.98306226730347
2026-09-01T21:21:41+00:00,area_trajectory,milford_haven,,1788244560000.0,,4.98306226730347
2026-09-01T21:21:41+00:00,area_trajectory,milford_haven,,1788244680000.0,,4.98306226730347
2026-09-01T21:21:41+00:00,area_trajectory,milford_haven,,1788244800000.0,,4.98306226730347
2026-09-01T21:21:41+00:00,area_trajectory,milford_haven,,1788244920000.0,,4.98306226730347
2026-09-01T21:21:41+00:00,area_trajectory,milford_haven,,1788245040000.0,,4.98306226730347
2026-09-01T21:21:41+00:00,area_trajectory,milford_haven,,1788245160000.0,,4.98306226730347
2026-09-01T21:21:41+00:00,area_trajectory,milford_haven,,1788245280000.0,,4.98306226730347
2026-09-01T21:21:41+00:00,area_trajectory,milford_haven,,1788245400000.0,,4.98306226730347
2026-09-01T21:21:41+00:00,area_trajectory,milford_haven,,1788245520000.0,,4.98306226730347
2026-09-01T21:21:41+00:00,area_trajectory,milford_haven,,1788245640000.0,,4.98306226730347
2026-09-01T21:21:41+00:00,area_trajectory,milford_haven,,1788245760000.0,,4.98306226730347
2026-09-01T21:21:41+00:00,area_trajectory,milford_haven,,1788245880000.0,,4.98306226730347
2026-09-01T21:21:41+00:00,area_trajectory,milford_haven,,1788246000000.0,,4.98306226730347
2026-09-01T21:21:41+00:00,area_trajectory,milford_haven,,1788246120000.0,,4.98306226730347
2026-09-01T21:21:41+00:00,area_trajectory,milford_haven,,1788246240000.0,,4.98794507980347
2026-09-01T21:21:41+00:00,area_trajectory,milford_haven,,1788246360000.0,,4.98794507980347
2026-09-01T21:21:41+00:00,area_trajectory,milford_haven,,1788246480000.0,,4.98794507980347
2026-09-01T21:21:41+00:00,area_trajectory,milford_haven,,1788246600000.0,,4.98794507980347
2026-09-01T21:21:41+00:00,area_trajectory,milford_haven,,1788246720000.0,,4.98794507980347
2026-09-01T21:21:41+00:00,area_trajectory,milford_haven,,1788246840000.0,,4.98794507980347
2026-09-01T21:21:41+00:00,area_trajectory,milford_haven,,1788246960000.0,,4.98794507980347
2026-09-01T21:21:41+00:00,area_trajectory,milford_haven,,1788247080000.0,,4.98794507980347
2026-09-01T21:21:41+00:00,area_trajectory,milford_haven,,1788247200000.0,,4.98794507980347
2026-09-01T21:21:41+00:00,area_trajectory,milford_haven,,1788247320000.0,,4.98794507980347
2026-09-01T21:21:41+00:00,area_trajectory,milford_haven,,1788247440000.0,,4.98794507980347
2026-09-01T21:21:41+00:00,area_trajectory,milford_haven,,1788247560000.0,,4.98794507980347
2026-09-01T21:21:41+00:00,area_trajectory,milford_haven,,1788247680000.0,,4.98794507980347
2026-09-01T21:21:41+00:00,area_trajectory,milford_haven,,1788247800000.0,,4.98794507980347
2026-09-01T21:21:41+00:00,area_trajectory,milford_haven,,1788247920000.0,,4.98794507980347
2026-09-01T21:21:41+00:00,area_trajectory,milford_haven,,1788248040000.0,,4.98794507980347
2026-09-01T21:21:41+00:00,area_trajectory,milford_haven,,1788248160000.0,,4.98794507980347
2026-09-01T21:21:41+00:00,area_trajectory,milford_haven,,1788248280000.0,,4.98794507980347
2026-09-01T21:21:41+00:00,area_trajectory,milford_haven,,1788248400000.0,,4.98794507980347
2026-09-01T21:21:41+00:00,area_trajectory,milford_haven,,1788248520000.0,,4.98794507980347
2026-09-01T21:21:41+00:00,area_trajectory,milford_haven,,1788248640000.0,,4.98794507980347
2026-09-01T21:21:41+00:00,area_trajectory,milford_haven,,1788248760000.0,,4.98794507980347
2026-09-01T21:21:41+00:00,area_trajectory,milford_haven,,1788248880000.0,,4.98794507980347
2026-09-01T21:21:41+00:00,area_trajectory,milford_haven,,1788249000000.0,,4.98794507980347
2026-09-01T21:21:41+00:00,area_trajectory,milford_haven,,1788249120000.0,,4.98794507980347
2026-09-01T21:21:41+00:00,area_trajectory,milford_haven,,1788249240000.0,,4.98794507980347
2026-09-01T21:21:41+00:00,area_trajectory,milford_haven,,1788249360000.0,,4.98794507980347
2026-09-01T21:21:41+00:00,area_trajectory,milford_haven,,1788249480000.0,,4.98794507980347
2026-09-01T21:21:41+00:00,area_trajectory,milford_haven,,1788249600000.0,,4.98794507980347
2026-09-01T21:21:41+00:00,area_trajectory,milford_haven,,1788249720000.0,,4.98794507980347
2026-09-01T21:21:41+00:00,area_trajectory,milford_haven,,1788249840000.0,,4.98306226730347
2026-09-01T21:21:41+00:00,area_trajectory,milford_haven,,1788249960000.0,,4.98306226730347
2026-09-01T21:21:41+00:00,area_trajectory,milford_haven,,1788250080000.0,,4.98306226730347
2026-09-01T21:21:41+00:00,area_trajectory,milford_haven,,1788250200000.0,,4.98306226730347
2026-09-01T21:21:41+00:00,area_trajectory,milford_haven,,1788250320000.0,,4.98306226730347
2026-09-01T21:21:41+00:00,area_trajectory,milford_haven,,1788250440000.0,,4.98306226730347
2026-09-01T21:21:41+00:00,area_trajectory,milford_haven,,1788250560000.0,,4.98306226730347
2026-09-01T21:21:41+00:00,area_trajectory,milford_haven,,1788250680000.0,,4.98306226730347
2026-09-01T21:21:41+00:00,area_trajectory,milford_haven,,1788250800000.0,,4.98306226730347
2026-09-01T21:21:41+00:00,area_trajectory,milford_haven,,1788250920000.0,,4.98306226730347
2026-09-01T21:21:41+00:00,area_trajectory,milford_haven,,1788251040000.0,,4.98306226730347
2026-09-01T21:21:41+00:00,area_trajectory,milford_haven,,1788251160000.0,,4.98306226730347
2026-09-01T21:21:41+00:00,area_trajectory,milford_haven,,1788251280000.0,,4.98306226730347
2026-09-01T21:21:41+00:00,area_trajectory,milford_haven,,1788251400000.0,,4.98306226730347
2026-09-01T21:21:41+00:00,area_trajectory,milford_haven,,1788251520000.0,,4.98306226730347
2026-09-01T21:21:41+00:00,area_trajectory,milford_haven,,1788251640000.0,,4.98306226730347
2026-09-01T21:21:41+00:00,area_trajectory,milford_haven,,1788251760000.0,,4.88784456253052
2026-09-01T21:21:41+00:00,area_trajectory,milford_haven,,1788251880000.0,,5.0489821434021
2026-09-01T21:21:41+00:00,area_trajectory,milford_haven,,1788252000000.0,,5.0489821434021
2026-09-01T21:21:41+00:00,area_trajectory,milford_haven,,1788252120000.0,,5.0489821434021
2026-09-01T21:21:41+00:00,area_trajectory,milford_haven,,1788252240000.0,,5.0611896514892605
2026-09-01T21:21:41+00:00,area_trajectory,milford_haven,,1788252360000.0,,4.9708547592163095
2026-09-01T21:21:41+00:00,area_trajectory,milford_haven,,1788252480000.0,,4.9708547592163095
2026-09-01T21:21:41+00:00,area_trajectory,milford_haven,,1788252600000.0,,4.88784456253052
2026-09-01T21:21:41+00:00,area_trajectory,milford_haven,,1788252720000.0,,4.88784456253052
2026-09-01T21:21:41+00:00,area_trajectory,milford_haven,,1788252840000.0,,5.09292888641357
2026-09-01T21:21:41+00:00,area_trajectory,milford_haven,,1788252960000.0,,5.17838048934936
2026-09-01T21:21:41+00:00,area_trajectory,milford_haven,,1788253080000.0,,4.98306226730347
2026-09-01T21:21:41+00:00,area_trajectory,milford_haven,,1788253200000.0,,4.98306226730347
2026-09-01T21:21:41+00:00,area_trajectory,milford_haven,,1788253320000.0,,4.98306226730347
2026-09-01T21:21:41+00:00,area_trajectory,milford_haven,,1788253440000.0,,4.90249347686768
2026-09-01T21:21:41+00:00,area_trajectory,milford_haven,,1788253560000.0,,4.90249347686768
2026-09-01T21:21:41+00:00,area_trajectory,milford_haven,,1788253680000.0,,5.0465407371521
2026-09-01T21:21:41+00:00,area_trajectory,milford_haven,,1788253800000.0,,5.0465407371521
2026-09-01T21:21:41+00:00,area_trajectory,milford_haven,,1788253920000.0,,4.9220252037048295
2026-09-01T21:21:41+00:00,area_trajectory,milford_haven,,1788254040000.0,,4.9220252037048295
2026-09-01T21:21:41+00:00,area_trajectory,milford_haven,,1788254160000.0,,4.9220252037048295
2026-09-01T21:21:41+00:00,area_trajectory,milford_haven,,1788254280000.0,,4.9220252037048295
2026-09-01T21:21:41+00:00,area_trajectory,milford_haven,,1788254400000.0,,4.9220252037048295
2026-09-01T21:21:41+00:00,area_trajectory,milford_haven,,1788254520000.0,,4.9220252037048295
2026-09-01T21:21:41+00:00,area_trajectory,milford_haven,,1788254640000.0,,4.9220252037048295
2026-09-01T21:21:41+00:00,area_trajectory,milford_haven,,1788254760000.0,,4.9220252037048295
2026-09-01T21:21:41+00:00,area_trajectory,milford_haven,,1788254880000.0,,4.9220252037048295
2026-09-01T21:21:41+00:00,area_trajectory,milford_haven,,1788255000000.0,,4.9220252037048295
2026-09-01T21:21:41+00:00,area_trajectory,milford_haven,,1788255120000.0,,4.9220252037048295
2026-09-01T21:21:41+00:00,area_trajectory,milford_haven,,1788255240000.0,,4.9220252037048295
2026-09-01T21:21:41+00:00,area_trajectory,milford_haven,,1788255360000.0,,4.9220252037048295
2026-09-01T21:21:41+00:00,area_trajectory,milford_haven,,1788255480000.0,,4.9220252037048295
2026-09-01T21:21:41+00:00,area_trajectory,milford_haven,,1788255600000.0,,4.9220252037048295
2026-09-01T21:21:41+00:00,area_trajectory,milford_haven,,1788255720000.0,,4.9220252037048295
2026-09-01T21:21:41+00:00,area_trajectory,milford_haven,,1788255840000.0,,4.9220252037048295
2026-09-01T21:21:41+00:00,area_trajectory,milford_haven,,1788255960000.0,,4.9220252037048295
2026-09-01T21:21:41+00:00,area_trajectory,milford_haven,,1788256080000.0,,4.9220252037048295
2026-09-01T21:21:41+00:00,area_trajectory,milford_haven,,1788256200000.0,,4.9220252037048295
2026-09-01T21:21:41+00:00,area_trajectory,milford_haven,,1788256320000.0,,4.9220252037048295
2026-09-01T21:21:41+00:00,area_trajectory,milford_haven,,1788256440000.0,,4.9220252037048295
2026-09-01T21:21:41+00:00,area_trajectory,milford_haven,,1788256560000.0,,4.9220252037048295
2026-09-01T21:21:41+00:00,area_trajectory,milford_haven,,1788256680000.0,,4.9220252037048295
2026-09-01T21:21:41+00:00,area_trajectory,milford_haven,,1788256800000.0,,4.9220252037048295
2026-09-01T21:21:41+00:00,area_trajectory,milford_haven,,1788256920000.0,,4.9220252037048295
2026-09-01T21:21:41+00:00,area_trajectory,milford_haven,,1788257040000.0,,4.90493488311768
2026-09-01T21:21:41+00:00,area_trajectory,milford_haven,,1788257160000.0,,4.90493488311768
2026-09-01T21:21:41+00:00,area_trajectory,milford_haven,,1788257280000.0,,4.90493488311768
2026-09-01T21:21:41+00:00,area_trajectory,milford_haven,,1788257400000.0,,4.90493488311768
2026-09-01T21:21:41+00:00,area_trajectory,milford_haven,,1788257520000.0,,4.90493488311768
2026-09-01T21:21:41+00:00,area_trajectory,milford_haven,,1788257640000.0,,4.90493488311768
2026-09-01T21:21:41+00:00,area_trajectory,milford_haven,,1788257760000.0,,4.90493488311768
2026-09-01T21:21:41+00:00,area_trajectory,milford_haven,,1788257880000.0,,4.90493488311768
2026-09-01T21:21:41+00:00,area_trajectory,milford_haven,,1788258000000.0,,4.90493488311768
2026-09-01T21:21:41+00:00,area_trajectory,milford_haven,,1788258120000.0,,4.90493488311768
2026-09-01T21:21:41+00:00,area_trajectory,milford_haven,,1788258240000.0,,4.90493488311768
2026-09-01T21:21:41+00:00,area_trajectory,milford_haven,,1788258360000.0,,4.90493488311768
2026-09-01T21:21:41+00:00,area_trajectory,milford_haven,,1788258480000.0,,4.90493488311768
2026-09-01T21:21:41+00:00,area_trajectory,milford_haven,,1788258600000.0,,4.90493488311768
2026-09-01T21:21:41+00:00,area_trajectory,milford_haven,,1788258720000.0,,4.90493488311768
2026-09-01T21:21:41+00:00,area_trajectory,milford_haven,,1788258840000.0,,4.90493488311768
2026-09-01T21:21:41+00:00,area_trajectory,milford_haven,,1788258960000.0,,4.90493488311768
2026-09-01T21:21:41+00:00,area_trajectory,milford_haven,,1788259080000.0,,4.90493488311768
2026-09-01T21:21:41+00:00,area_trajectory,milford_haven,,1788259200000.0,,4.90493488311768
2026-09-01T21:21:41+00:00,area_trajectory,milford_haven,,1788259320000.0,,4.90493488311768
2026-09-01T21:21:41+00:00,area_trajectory,milford_haven,,1788259440000.0,,4.90493488311768
2026-09-01T21:21:41+00:00,area_trajectory,milford_haven,,1788259560000.0,,4.90493488311768
2026-09-01T21:21:41+00:00,area_trajectory,milford_haven,,1788259680000.0,,4.90493488311768
2026-09-01T21:21:41+00:00,area_trajectory,milford_haven,,1788259800000.0,,4.90493488311768
2026-09-01T21:21:41+00:00,area_trajectory,milford_haven,,1788259920000.0,,4.90493488311768
2026-09-01T21:21:41+00:00,area_trajectory,milford_haven,,1788260040000.0,,4.90493488311768
2026-09-01T21:21:41+00:00,area_trajectory,milford_haven,,1788260160000.0,,4.90493488311768
2026-09-01T21:21:41+00:00,area_trajectory,milford_haven,,1788260280000.0,,4.90493488311768
2026-09-01T21:21:41+00:00,area_trajectory,milford_haven,,1788260400000.0,,4.90493488311768
2026-09-01T21:21:41+00:00,area_trajectory,milford_haven,,1788260520000.0,,4.90493488311768
2026-09-01T21:21:41+00:00,area_trajectory,milford_haven,,1788260640000.0,,4.87563705444336
2026-09-01T21:21:41+00:00,area_trajectory,milford_haven,,1788260760000.0,,4.87563705444336
2026-09-01T21:21:41+00:00,area_trajectory,milford_haven,,1788260880000.0,,4.87563705444336
2026-09-01T21:21:41+00:00,area_trajectory,milford_haven,,1788261000000.0,,4.87563705444336
2026-09-01T21:21:41+00:00,area_trajectory,milford_haven,,1788261120000.0,,4.87563705444336
2026-09-01T21:21:41+00:00,area_trajectory,milford_haven,,1788261240000.0,,4.87563705444336
2026-09-01T21:21:41+00:00,area_trajectory,milford_haven,,1788261360000.0,,4.87563705444336
2026-09-01T21:21:41+00:00,area_trajectory,milford_haven,,1788261480000.0,,4.87563705444336
2026-09-01T21:21:41+00:00,area_trajectory,milford_haven,,1788261600000.0,,4.87563705444336
2026-09-01T21:21:41+00:00,area_trajectory,milford_haven,,1788261720000.0,,4.87563705444336
2026-09-01T21:21:41+00:00,area_trajectory,milford_haven,,1788261840000.0,,4.87563705444336
2026-09-01T21:21:41+00:00,area_trajectory,milford_haven,,1788261960000.0,,4.87563705444336
2026-09-01T21:21:41+00:00,area_trajectory,milford_haven,,1788262080000.0,,4.87563705444336
2026-09-01T21:21:41+00:00,area_trajectory,milford_haven,,1788262200000.0,,4.87563705444336
2026-09-01T21:21:41+00:00,area_trajectory,milford_haven,,1788262320000.0,,4.87563705444336
2026-09-01T21:21:41+00:00,area_trajectory,milford_haven,,1788262440000.0,,4.87563705444336
2026-09-01T21:21:41+00:00,area_trajectory,milford_haven,,1788262560000.0,,4.87563705444336
2026-09-01T21:21:41+00:00,area_trajectory,milford_haven,,1788262680000.0,,4.87563705444336
2026-09-01T21:21:41+00:00,area_trajectory,milford_haven,,1788262800000.0,,4.87563705444336
2026-09-01T21:21:41+00:00,area_trajectory,milford_haven,,1788262920000.0,,4.87563705444336
2026-09-01T21:21:41+00:00,area_trajectory,milford_haven,,1788263040000.0,,4.87563705444336
2026-09-01T21:21:41+00:00,area_trajectory,milford_haven,,1788263160000.0,,4.87563705444336
2026-09-01T21:21:41+00:00,area_trajectory,milford_haven,,1788263280000.0,,4.87563705444336
2026-09-01T21:21:41+00:00,area_trajectory,milford_haven,,1788263400000.0,,4.87563705444336
2026-09-01T21:21:41+00:00,area_trajectory,milford_haven,,1788263520000.0,,4.87563705444336
2026-09-01T21:21:41+00:00,area_trajectory,milford_haven,,1788263640000.0,,4.87563705444336
2026-09-01T21:21:41+00:00,area_trajectory,milford_haven,,1788263760000.0,,4.87563705444336
2026-09-01T21:21:41+00:00,area_trajectory,milford_haven,,1788263880000.0,,4.87563705444336
2026-09-01T21:21:41+00:00,area_trajectory,milford_haven,,1788264000000.0,,4.87563705444336
2026-09-01T21:21:41+00:00,area_trajectory,milford_haven,,1788264120000.0,,4.87563705444336
2026-09-01T21:21:41+00:00,area_trajectory,milford_haven,,1788264240000.0,,4.88784456253052
2026-09-01T21:21:41+00:00,area_trajectory,milford_haven,,1788264360000.0,,4.88784456253052
2026-09-01T21:21:41+00:00,area_trajectory,milford_haven,,1788264480000.0,,4.88784456253052
2026-09-01T21:21:41+00:00,area_trajectory,milford_haven,,1788264600000.0,,4.88784456253052
2026-09-01T21:21:41+00:00,area_trajectory,milford_haven,,1788264720000.0,,4.88784456253052
2026-09-01T21:21:41+00:00,area_trajectory,milford_haven,,1788264840000.0,,4.88784456253052
2026-09-01T21:21:41+00:00,area_trajectory,milford_haven,,1788264960000.0,,4.88784456253052
2026-09-01T21:21:41+00:00,area_trajectory,milford_haven,,1788265080000.0,,4.88784456253052
2026-09-01T21:21:41+00:00,area_trajectory,milford_haven,,1788265200000.0,,4.88784456253052
2026-09-01T21:21:41+00:00,area_trajectory,milford_haven,,1788265320000.0,,4.88784456253052
2026-09-01T21:21:41+00:00,area_trajectory,milford_haven,,1788265440000.0,,5.0611896514892605
2026-09-01T21:21:41+00:00,area_trajectory,milford_haven,,1788265560000.0,,4.90005207061768
2026-09-01T21:21:41+00:00,area_trajectory,milford_haven,,1788265680000.0,,4.90005207061768
2026-09-01T21:21:41+00:00,area_trajectory,milford_haven,,1788265800000.0,,4.90005207061768
2026-09-01T21:21:41+00:00,area_trajectory,milford_haven,,1788265920000.0,,4.90005207061768
2026-09-01T21:21:41+00:00,area_trajectory,milford_haven,,1788266040000.0,,4.90005207061768
2026-09-01T21:21:41+00:00,area_trajectory,milford_haven,,1788266160000.0,,4.90005207061768
2026-09-01T21:21:41+00:00,area_trajectory,milford_haven,,1788266280000.0,,4.90005207061768
2026-09-01T21:21:41+00:00,area_trajectory,milford_haven,,1788266400000.0,,4.90005207061768
2026-09-01T21:21:41+00:00,area_trajectory,milford_haven,,1788266520000.0,,4.90005207061768
2026-09-01T21:21:41+00:00,area_trajectory,milford_haven,,1788266640000.0,,4.90005207061768
2026-09-01T21:21:41+00:00,area_trajectory,milford_haven,,1788266760000.0,,4.90005207061768
2026-09-01T21:21:41+00:00,area_trajectory,milford_haven,,1788266880000.0,,4.90005207061768
2026-09-01T21:21:41+00:00,area_trajectory,milford_haven,,1788267000000.0,,4.90005207061768
2026-09-01T21:21:41+00:00,area_trajectory,milford_haven,,1788267120000.0,,4.90005207061768
2026-09-01T21:21:41+00:00,area_trajectory,milford_haven,,1788267240000.0,,4.81215858459473
2026-09-01T21:21:41+00:00,area_trajectory,milford_haven,,1788267360000.0,,4.81215858459473
2026-09-01T21:21:41+00:00,area_trajectory,milford_haven,,1788267480000.0,,4.81215858459473
2026-09-01T21:21:41+00:00,area_trajectory,milford_haven,,1788267600000.0,,4.81215858459473
2026-09-01T21:21:41+00:00,area_trajectory,milford_haven,,1788267720000.0,,4.81215858459473
2026-09-01T21:21:41+00:00,area_trajectory,milford_haven,,1788267840000.0,,4.89761018753052
2026-09-01T21:21:41+00:00,area_trajectory,milford_haven,,1788267960000.0,,4.89761018753052
2026-09-01T21:21:41+00:00,area_trajectory,milford_haven,,1788268080000.0,,4.89761018753052
2026-09-01T21:21:41+00:00,area_trajectory,milford_haven,,1788268200000.0,,4.89761018753052
2026-09-01T21:21:41+00:00,area_trajectory,milford_haven,,1788268320000.0,,4.89761018753052
2026-09-01T21:21:41+00:00,area_trajectory,milford_haven,,1788268440000.0,,4.89761018753052
2026-09-01T21:21:41+00:00,area_trajectory,milford_haven,,1788268560000.0,,4.89761018753052
2026-09-01T21:21:41+00:00,area_trajectory,milford_haven,,1788268680000.0,,4.89761018753052
2026-09-01T21:21:41+00:00,area_trajectory,milford_haven,,1788268800000.0,,4.89761018753052
2026-09-01T21:21:41+00:00,area_trajectory,milford_haven,,1788268920000.0,,4.89761018753052
2026-09-01T21:21:41+00:00,area_trajectory,milford_haven,,1788269040000.0,,5.01480150222778
2026-09-01T21:21:41+00:00,area_trajectory,milford_haven,,1788269160000.0,,5.01480150222778
2026-09-01T21:21:41+00:00,area_trajectory,milford_haven,,1788269280000.0,,4.853663921356199
2026-09-01T21:21:41+00:00,area_trajectory,milford_haven,,1788269400000.0,,4.853663921356199
2026-09-01T21:21:41+00:00,area_trajectory,milford_haven,,1788269520000.0,,4.853663921356199
2026-09-01T21:21:41+00:00,area_trajectory,milford_haven,,1788269640000.0,,4.853663921356199
2026-09-01T21:21:41+00:00,area_trajectory,milford_haven,,1788269760000.0,,4.853663921356199
2026-09-01T21:21:41+00:00,area_trajectory,milford_haven,,1788269880000.0,,4.853663921356199
2026-09-01T21:21:41+00:00,area_trajectory,milford_haven,,1788270000000.0,,4.853663921356199
2026-09-01T21:21:41+00:00,area_trajectory,milford_haven,,1788270120000.0,,4.853663921356199
2026-09-01T21:21:41+00:00,area_trajectory,milford_haven,,1788270240000.0,,5.0294504165649405
2026-09-01T21:21:41+00:00,area_trajectory,milford_haven,,1788270360000.0,,5.0294504165649405
2026-09-01T21:21:41+00:00,area_trajectory,milford_haven,,1788270480000.0,,4.9366741180419895
2026-09-01T21:21:41+00:00,area_trajectory,milford_haven,,1788270600000.0,,4.9366741180419895
2026-09-01T21:21:41+00:00,area_trajectory,milford_haven,,1788270720000.0,,4.84145641326904
2026-09-01T21:21:41+00:00,area_trajectory,milford_haven,,1788270840000.0,,5.0489821434021
2026-09-01T21:21:41+00:00,area_trajectory,milford_haven,,1788270960000.0,,5.0489821434021
2026-09-01T21:21:41+00:00,area_trajectory,milford_haven,,1788271080000.0,,5.131992340087891
2026-09-01T21:21:41+00:00,area_trajectory,milford_haven,,1788271200000.0,,4.98794507980347
2026-09-01T21:21:41+00:00,area_trajectory,milford_haven,,1788271320000.0,,4.98794507980347
2026-09-01T21:21:41+00:00,area_trajectory,milford_haven,,1788271440000.0,,5.08560419082642
2026-09-01T21:21:41+00:00,area_trajectory,milford_haven,,1788271560000.0,,5.17349767684936
2026-09-01T21:21:41+00:00,area_trajectory,milford_haven,,1788271680000.0,,5.07583856582642
2026-09-01T21:21:41+00:00,area_trajectory,milford_haven,,1788271800000.0,,5.07583856582642
2026-09-01T21:21:41+00:00,area_trajectory,milford_haven,,1788271920000.0,,5.07583856582642
2026-09-01T21:21:41+00:00,area_trajectory,milford_haven,,1788272040000.0,,5.07583856582642
2026-09-01T21:21:41+00:00,area_trajectory,milford_haven,,1788272160000.0,,5.07583856582642
2026-09-01T21:21:41+00:00,area_trajectory,milford_haven,,1788272280000.0,,4.99038648605347
2026-09-01T21:21:41+00:00,area_trajectory,milford_haven,,1788272400000.0,,4.99038648605347
2026-09-01T21:21:41+00:00,area_trajectory,milford_haven,,1788272520000.0,,4.99038648605347
2026-09-01T21:21:41+00:00,area_trajectory,milford_haven,,1788272640000.0,,4.99038648605347
2026-09-01T21:21:41+00:00,area_trajectory,milford_haven,,1788272760000.0,,5.12710952758789
2026-09-01T21:21:41+00:00,area_trajectory,milford_haven,,1788272880000.0,,5.12710952758789
2026-09-01T21:21:41+00:00,area_trajectory,milford_haven,,1788273000000.0,,5.03189182281494
2026-09-01T21:21:41+00:00,area_trajectory,milford_haven,,1788273120000.0,,5.03189182281494
2026-09-01T21:21:41+00:00,area_trajectory,milford_haven,,1788273240000.0,,5.11734390258789
2026-09-01T21:21:41+00:00,area_trajectory,milford_haven,,1788273360000.0,,5.11734390258789
2026-09-01T21:21:41+00:00,area_trajectory,milford_haven,,1788273480000.0,,5.11734390258789
2026-09-01T21:21:41+00:00,area_trajectory,milford_haven,,1788273600000.0,,5.11734390258789
2026-09-01T21:21:41+00:00,area_trajectory,milford_haven,,1788273720000.0,,5.11734390258789
2026-09-01T21:21:41+00:00,area_trajectory,milford_haven,,1788273840000.0,,5.11734390258789
2026-09-01T21:21:41+00:00,area_trajectory,milford_haven,,1788273960000.0,,5.0270090103149405
2026-09-01T21:21:41+00:00,area_trajectory,milford_haven,,1788274080000.0,,5.12222671508789
2026-09-01T21:21:41+00:00,area_trajectory,milford_haven,,1788274200000.0,,5.12222671508789
2026-09-01T21:21:41+00:00,area_trajectory,milford_haven,,1788274320000.0,,5.12222671508789
2026-09-01T21:21:41+00:00,area_trajectory,milford_haven,,1788274440000.0,,5.12222671508789
2026-09-01T21:21:41+00:00,area_trajectory,milford_haven,,1788274560000.0,,5.0221257209777805
2026-09-01T21:21:41+00:00,area_trajectory,milford_haven,,1788274680000.0,,5.14175844192505
2026-09-01T21:21:41+00:00,area_trajectory,milford_haven,,1788274800000.0,,5.14175844192505
2026-09-01T21:21:41+00:00,area_trajectory,milford_haven,,1788274920000.0,,5.14175844192505
2026-09-01T21:21:41+00:00,area_trajectory,milford_haven,,1788275040000.0,,5.0587482452392605
2026-09-01T21:21:41+00:00,area_trajectory,milford_haven,,1788275160000.0,,5.0587482452392605
2026-09-01T21:21:41+00:00,area_trajectory,milford_haven,,1788275280000.0,,5.0587482452392605
2026-09-01T21:21:41+00:00,area_trajectory,milford_haven,,1788275400000.0,,5.0587482452392605
2026-09-01T21:21:41+00:00,area_trajectory,milford_haven,,1788275520000.0,,5.0587482452392605
2026-09-01T21:21:41+00:00,area_trajectory,milford_haven,,1788275640000.0,,5.0587482452392605
2026-09-01T21:21:41+00:00,area_trajectory,milford_haven,,1788275760000.0,,5.0587482452392605
2026-09-01T21:21:41+00:00,area_trajectory,milford_haven,,1788275880000.0,,5.0587482452392605
2026-09-01T21:21:41+00:00,area_trajectory,milford_haven,,1788276000000.0,,5.0587482452392605
2026-09-01T21:21:41+00:00,area_trajectory,milford_haven,,1788276120000.0,,5.0587482452392605
2026-09-01T21:21:41+00:00,area_trajectory,milford_haven,,1788276240000.0,,5.0587482452392605
2026-09-01T21:21:41+00:00,area_trajectory,milford_haven,,1788276360000.0,,5.0587482452392605
2026-09-01T21:21:41+00:00,area_trajectory,milford_haven,,1788276480000.0,,5.0587482452392605
2026-09-01T21:21:41+00:00,area_trajectory,milford_haven,,1788276600000.0,,5.0587482452392605
2026-09-01T21:21:41+00:00,area_trajectory,milford_haven,,1788276720000.0,,5.0587482452392605
2026-09-01T21:21:41+00:00,area_trajectory,milford_haven,,1788276840000.0,,5.0587482452392605
2026-09-01T21:21:41+00:00,area_trajectory,milford_haven,,1788276960000.0,,5.0587482452392605
2026-09-01T21:21:41+00:00,area_trajectory,milford_haven,,1788277080000.0,,5.0587482452392605
2026-09-01T21:21:41+00:00,area_trajectory,milford_haven,,1788277200000.0,,5.0587482452392605
2026-09-01T21:21:41+00:00,area_trajectory,milford_haven,,1788277320000.0,,5.0587482452392605
2026-09-01T21:21:41+00:00,area_trajectory,milford_haven,,1788277440000.0,,5.0587482452392605
2026-09-01T21:21:41+00:00,area_trajectory,milford_haven,,1788277560000.0,,5.0587482452392605
2026-09-01T21:21:41+00:00,area_trajectory,milford_haven,,1788277680000.0,,5.0587482452392605
2026-09-01T21:21:41+00:00,area_trajectory,milford_haven,,1788277800000.0,,5.0587482452392605
2026-09-01T21:21:41+00:00,area_trajectory,milford_haven,,1788277920000.0,,5.0587482452392605
2026-09-01T21:21:41+00:00,area_trajectory,milford_haven,,1788278040000.0,,5.0587482452392605
2026-09-01T21:21:41+00:00,area_trajectory,milford_haven,,1788278160000.0,,5.0587482452392605
2026-09-01T21:21:41+00:00,area_trajectory,milford_haven,,1788278280000.0,,5.0587482452392605
2026-09-01T21:21:41+00:00,area_trajectory,milford_haven,,1788278400000.0,,5.0587482452392605
2026-09-01T21:21:41+00:00,area_trajectory,milford_haven,,1788278520000.0,,5.0587482452392605
2026-09-01T21:21:41+00:00,area_trajectory,milford_haven,,1788278640000.0,,5.0636310577392605
2026-09-01T21:21:41+00:00,area_trajectory,milford_haven,,1788278760000.0,,5.0636310577392605
2026-09-01T21:21:41+00:00,area_trajectory,milford_haven,,1788278880000.0,,5.0636310577392605
2026-09-01T21:21:41+00:00,area_trajectory,milford_haven,,1788279000000.0,,5.0636310577392605
2026-09-01T21:21:41+00:00,area_trajectory,milford_haven,,1788279120000.0,,5.0636310577392605
2026-09-01T21:21:41+00:00,area_trajectory,milford_haven,,1788279240000.0,,5.14908313751221
2026-09-01T21:21:41+00:00,area_trajectory,milford_haven,,1788279360000.0,,5.0465407371521
2026-09-01T21:21:41+00:00,area_trajectory,milford_haven,,1788279480000.0,,5.0465407371521
2026-09-01T21:21:41+00:00,area_trajectory,milford_haven,,1788279600000.0,,5.0465407371521
2026-09-01T21:21:41+00:00,area_trajectory,milford_haven,,1788279720000.0,,5.15152454376221
2026-09-01T21:21:41+00:00,area_trajectory,milford_haven,,1788279840000.0,,5.15152454376221
2026-09-01T21:21:41+00:00,area_trajectory,milford_haven,,1788279960000.0,,5.06851387023926
2026-09-01T21:21:41+00:00,area_trajectory,milford_haven,,1788280080000.0,,5.06851387023926
2026-09-01T21:21:41+00:00,area_trajectory,milford_haven,,1788280200000.0,,5.06851387023926
2026-09-01T21:21:41+00:00,area_trajectory,milford_haven,,1788280320000.0,,5.06851387023926
2026-09-01T21:21:41+00:00,area_trajectory,milford_haven,,1788280440000.0,,5.06851387023926
2026-09-01T21:21:41+00:00,area_trajectory,milford_haven,,1788280560000.0,,5.06851387023926
2026-09-01T21:21:41+00:00,area_trajectory,milford_haven,,1788280680000.0,,5.06851387023926
2026-09-01T21:21:41+00:00,area_trajectory,milford_haven,,1788280800000.0,,5.06851387023926
2026-09-01T21:21:41+00:00,area_trajectory,milford_haven,,1788280920000.0,,5.06851387023926
2026-09-01T21:21:41+00:00,area_trajectory,milford_haven,,1788281040000.0,,5.06851387023926
2026-09-01T21:21:41+00:00,area_trajectory,milford_haven,,1788281160000.0,,5.06851387023926
2026-09-01T21:21:41+00:00,area_trajectory,milford_haven,,1788281280000.0,,5.06851387023926
2026-09-01T21:21:41+00:00,area_trajectory,milford_haven,,1788281400000.0,,5.06851387023926
2026-09-01T21:21:41+00:00,area_trajectory,milford_haven,,1788281520000.0,,5.06851387023926
2026-09-01T21:21:41+00:00,area_trajectory,milford_haven,,1788281640000.0,,5.06851387023926
2026-09-01T21:21:41+00:00,area_trajectory,milford_haven,,1788281760000.0,,5.06851387023926
2026-09-01T21:21:41+00:00,area_trajectory,milford_haven,,1788281880000.0,,5.06851387023926
2026-09-01T21:21:41+00:00,area_trajectory,milford_haven,,1788282000000.0,,5.06851387023926
2026-09-01T21:21:41+00:00,area_trajectory,milford_haven,,1788282120000.0,,5.06851387023926
2026-09-01T21:21:41+00:00,area_trajectory,milford_haven,,1788282240000.0,,5.07339715957642
2026-09-01T21:21:41+00:00,area_trajectory,milford_haven,,1788282360000.0,,5.07339715957642
2026-09-01T21:21:41+00:00,area_trajectory,milford_haven,,1788282480000.0,,5.07339715957642
2026-09-01T21:21:41+00:00,area_trajectory,milford_haven,,1788282600000.0,,5.07339715957642
2026-09-01T21:21:41+00:00,area_trajectory,milford_haven,,1788282720000.0,,5.07339715957642
2026-09-01T21:21:41+00:00,area_trajectory,milford_haven,,1788282840000.0,,5.16373157501221
2026-09-01T21:21:41+00:00,area_trajectory,milford_haven,,1788282960000.0,,5.16373157501221
2026-09-01T21:21:41+00:00,area_trajectory,milford_haven,,1788283080000.0,,5.0465407371521
2026-09-01T21:21:41+00:00,area_trajectory,milford_haven,,1788283200000.0,,5.0465407371521
2026-09-01T21:21:41+00:00,area_trajectory,milford_haven,,1788283320000.0,,5.16861486434936
2026-09-01T21:21:41+00:00,area_trajectory,milford_haven,,1788283440000.0,,5.16861486434936
2026-09-01T21:21:41+00:00,area_trajectory,milford_haven,,1788283560000.0,,5.16861486434936
2026-09-01T21:21:41+00:00,area_trajectory,milford_haven,,1788283680000.0,,5.0514235496521005
2026-09-01T21:21:41+00:00,area_trajectory,milford_haven,,1788283800000.0,,5.0514235496521005
2026-09-01T21:21:41+00:00,area_trajectory,milford_haven,,1788283920000.0,,5.19302940368652
2026-09-01T21:21:41+00:00,area_trajectory,milford_haven,,1788284040000.0,,5.09781169891357
2026-09-01T21:21:41+00:00,area_trajectory,milford_haven,,1788284160000.0,,5.09781169891357
2026-09-01T21:21:41+00:00,area_trajectory,milford_haven,,1788284280000.0,,5.09781169891357
2026-09-01T21:21:41+00:00,area_trajectory,milford_haven,,1788284400000.0,,5.17105627059936
2026-09-01T21:21:41+00:00,area_trajectory,milford_haven,,1788284520000.0,,5.17105627059936
2026-09-01T21:21:41+00:00,area_trajectory,milford_haven,,1788284640000.0,,5.07339715957642
2026-09-01T21:21:41+00:00,area_trajectory,milford_haven,,1788284760000.0,,5.07339715957642
2026-09-01T21:21:41+00:00,area_trajectory,milford_haven,,1788284880000.0,,5.07339715957642
2026-09-01T21:21:41+00:00,area_trajectory,milford_haven,,1788285000000.0,,5.07339715957642
2026-09-01T21:21:41+00:00,area_trajectory,milford_haven,,1788285120000.0,,5.18326377868652
2026-09-01T21:21:41+00:00,area_trajectory,milford_haven,,1788285240000.0,,5.06851387023926
2026-09-01T21:21:41+00:00,area_trajectory,milford_haven,,1788285360000.0,,5.06851387023926
2026-09-01T21:21:41+00:00,area_trajectory,milford_haven,,1788285480000.0,,5.06851387023926
2026-09-01T21:21:41+00:00,area_trajectory,milford_haven,,1788285600000.0,,5.06851387023926
2026-09-01T21:21:41+00:00,area_trajectory,milford_haven,,1788285720000.0,,5.06851387023926
2026-09-01T21:21:41+00:00,area_trajectory,milford_haven,,1788285840000.0,,5.06851387023926
2026-09-01T21:21:41+00:00,area_trajectory,milford_haven,,1788285960000.0,,5.06851387023926
2026-09-01T21:21:41+00:00,area_trajectory,milford_haven,,1788286080000.0,,5.14664125442505
2026-09-01T21:21:41+00:00,area_trajectory,milford_haven,,1788286200000.0,,5.03189182281494
2026-09-01T21:21:41+00:00,area_trajectory,milford_haven,,1788286320000.0,,5.14419984817505
2026-09-01T21:21:41+00:00,area_trajectory,milford_haven,,1788286440000.0,,5.0611896514892605
2026-09-01T21:21:41+00:00,area_trajectory,milford_haven,,1788286560000.0,,5.0611896514892605
2026-09-01T21:21:41+00:00,area_trajectory,milford_haven,,1788286680000.0,,5.0611896514892605
2026-09-01T21:21:41+00:00,area_trajectory,milford_haven,,1788286800000.0,,5.0611896514892605
2026-09-01T21:21:41+00:00,area_trajectory,milford_haven,,1788286920000.0,,5.0611896514892605
2026-09-01T21:21:41+00:00,area_trajectory,milford_haven,,1788287040000.0,,5.0611896514892605
2026-09-01T21:21:41+00:00,area_trajectory,milford_haven,,1788287160000.0,,5.0611896514892605
2026-09-01T21:21:41+00:00,area_trajectory,milford_haven,,1788287280000.0,,5.0611896514892605
2026-09-01T21:21:41+00:00,area_trajectory,milford_haven,,1788287400000.0,,5.0611896514892605
2026-09-01T21:21:41+00:00,area_trajectory,milford_haven,,1788287520000.0,,5.0611896514892605
2026-09-01T21:21:41+00:00,area_trajectory,milford_haven,,1788287640000.0,,5.0611896514892605
2026-09-01T21:21:41+00:00,area_trajectory,milford_haven,,1788287760000.0,,5.0611896514892605
2026-09-01T21:21:41+00:00,area_trajectory,milford_haven,,1788287880000.0,,5.0611896514892605
2026-09-01T21:21:41+00:00,area_trajectory,milford_haven,,1788288000000.0,,5.0611896514892605
2026-09-01T21:21:41+00:00,area_trajectory,milford_haven,,1788288120000.0,,5.0611896514892605
2026-09-01T21:21:41+00:00,area_trajectory,milford_haven,,1788288240000.0,,5.0611896514892605
2026-09-01T21:21:41+00:00,area_trajectory,milford_haven,,1788288360000.0,,5.0611896514892605
2026-09-01T21:21:41+00:00,area_trajectory,milford_haven,,1788288480000.0,,5.0611896514892605
2026-09-01T21:21:41+00:00,area_trajectory,milford_haven,,1788288600000.0,,5.0611896514892605
2026-09-01T21:21:41+00:00,area_trajectory,milford_haven,,1788288720000.0,,5.0611896514892605
2026-09-01T21:21:41+00:00,area_trajectory,milford_haven,,1788288840000.0,,5.0611896514892605
2026-09-01T21:21:41+00:00,area_trajectory,milford_haven,,1788288960000.0,,5.0611896514892605
2026-09-01T21:21:41+00:00,area_trajectory,milford_haven,,1788289080000.0,,5.0611896514892605
2026-09-01T21:21:41+00:00,area_trajectory,milford_haven,,1788289200000.0,,5.0611896514892605
2026-09-01T21:21:41+00:00,area_trajectory,milford_haven,,1788289320000.0,,5.0611896514892605
2026-09-01T21:21:41+00:00,area_trajectory,milford_haven,,1788289440000.0,,5.0489821434021
2026-09-01T21:21:41+00:00,area_trajectory,milford_haven,,1788289560000.0,,5.0489821434021
2026-09-01T21:21:41+00:00,area_trajectory,milford_haven,,1788289680000.0,,5.0489821434021
2026-09-01T21:21:41+00:00,area_trajectory,milford_haven,,1788289800000.0,,5.0489821434021
2026-09-01T21:21:41+00:00,area_trajectory,milford_haven,,1788289920000.0,,5.0489821434021
2026-09-01T21:21:41+00:00,area_trajectory,milford_haven,,1788290040000.0,,5.0489821434021
2026-09-01T21:21:41+00:00,area_trajectory,milford_haven,,1788290160000.0,,5.0489821434021
2026-09-01T21:21:41+00:00,area_trajectory,milford_haven,,1788290280000.0,,5.14175844192505
2026-09-01T21:21:41+00:00,area_trajectory,milford_haven,,1788290400000.0,,5.0465407371521
2026-09-01T21:21:41+00:00,area_trajectory,milford_haven,,1788290520000.0,,5.0465407371521
2026-09-01T21:21:41+00:00,area_trajectory,milford_haven,,1788290640000.0,,5.0465407371521
2026-09-01T21:21:41+00:00,area_trajectory,milford_haven,,1788290760000.0,,5.0465407371521
2026-09-01T21:21:41+00:00,area_trajectory,milford_haven,,1788290880000.0,,5.0465407371521
2026-09-01T21:21:41+00:00,area_trajectory,milford_haven,,1788291000000.0,,5.0465407371521
2026-09-01T21:21:41+00:00,area_trajectory,milford_haven,,1788291120000.0,,5.0465407371521
2026-09-01T21:21:41+00:00,area_trajectory,milford_haven,,1788291240000.0,,5.0465407371521
2026-09-01T21:21:41+00:00,area_trajectory,milford_haven,,1788291360000.0,,5.0465407371521
2026-09-01T21:21:41+00:00,area_trajectory,milford_haven,,1788291480000.0,,5.0465407371521
2026-09-01T21:21:41+00:00,area_trajectory,milford_haven,,1788291600000.0,,5.0465407371521
2026-09-01T21:21:41+00:00,area_trajectory,milford_haven,,1788291720000.0,,5.0465407371521
2026-09-01T21:21:41+00:00,area_trajectory,milford_haven,,1788291840000.0,,5.0465407371521
2026-09-01T21:21:41+00:00,area_trajectory,milford_haven,,1788291960000.0,,5.0465407371521
2026-09-01T21:21:41+00:00,area_trajectory,milford_haven,,1788292080000.0,,5.0465407371521
2026-09-01T21:21:41+00:00,area_trajectory,milford_haven,,1788292200000.0,,5.0465407371521
2026-09-01T21:21:41+00:00,area_trajectory,milford_haven,,1788292320000.0,,5.0465407371521
2026-09-01T21:21:41+00:00,area_trajectory,milford_haven,,1788292440000.0,,5.0465407371521
2026-09-01T21:21:41+00:00,area_trajectory,milford_haven,,1788292560000.0,,5.0465407371521
2026-09-01T21:21:41+00:00,area_trajectory,milford_haven,,1788292680000.0,,5.0465407371521
2026-09-01T21:21:41+00:00,area_trajectory,milford_haven,,1788292800000.0,,5.0465407371521
2026-09-01T21:21:41+00:00,area_trajectory,milford_haven,,1788292920000.0,,5.0465407371521
2026-09-01T21:21:41+00:00,area_trajectory,milford_haven,,1788293040000.0,,5.00259399414062
2026-09-01T21:21:41+00:00,area_trajectory,milford_haven,,1788293160000.0,,5.00259399414062
2026-09-01T21:21:41+00:00,area_trajectory,milford_haven,,1788293280000.0,,5.00259399414062
2026-09-01T21:21:41+00:00,area_trajectory,milford_haven,,1788293400000.0,,5.00259399414062
2026-09-01T21:21:41+00:00,area_trajectory,milford_haven,,1788293520000.0,,5.00259399414062
2026-09-01T21:21:41+00:00,area_trajectory,milford_haven,,1788293640000.0,,5.00259399414062
2026-09-01T21:21:41+00:00,area_trajectory,milford_haven,,1788293760000.0,,5.00259399414062
2026-09-01T21:21:41+00:00,area_trajectory,milford_haven,,1788293880000.0,,5.00259399414062
2026-09-01T21:21:41+00:00,area_trajectory,milford_haven,,1788294000000.0,,5.00259399414062
2026-09-01T21:21:41+00:00,area_trajectory,milford_haven,,1788294120000.0,,5.00259399414062
2026-09-01T21:21:41+00:00,area_trajectory,milford_haven,,1788294240000.0,,5.00259399414062
2026-09-01T21:21:41+00:00,area_trajectory,milford_haven,,1788294360000.0,,5.00259399414062
2026-09-01T21:21:41+00:00,area_trajectory,milford_haven,,1788294480000.0,,5.00259399414062
2026-09-01T21:21:41+00:00,area_trajectory,milford_haven,,1788294600000.0,,5.00259399414062
2026-09-01T21:21:41+00:00,area_trajectory,milford_haven,,1788294720000.0,,5.14175844192505
2026-09-01T21:21:41+00:00,area_trajectory,milford_haven,,1788294840000.0,,5.14175844192505
2026-09-01T21:21:41+00:00,area_trajectory,milford_haven,,1788294960000.0,,5.14175844192505
2026-09-01T21:21:41+00:00,area_trajectory,milford_haven,,1788295080000.0,,5.14175844192505
2026-09-01T21:21:41+00:00,area_trajectory,milford_haven,,1788295200000.0,,5.14175844192505
2026-09-01T21:21:41+00:00,area_trajectory,milford_haven,,1788295320000.0,,5.14175844192505
2026-09-01T21:21:41+00:00,area_trajectory,milford_haven,,1788295440000.0,,5.14175844192505
2026-09-01T21:21:41+00:00,area_trajectory,milford_haven,,1788295560000.0,,5.14175844192505
2026-09-01T21:21:41+00:00,area_trajectory,milford_haven,,1788295680000.0,,5.14175844192505
2026-09-01T21:21:41+00:00,area_trajectory,milford_haven,,1788295800000.0,,5.14175844192505
2026-09-01T21:21:41+00:00,area_trajectory,milford_haven,,1788295920000.0,,5.14175844192505
2026-09-01T21:21:41+00:00,area_trajectory,milford_haven,,1788296040000.0,,5.14175844192505
2026-09-01T21:21:41+00:00,area_trajectory,milford_haven,,1788296160000.0,,5.14175844192505
2026-09-01T21:21:41+00:00,area_trajectory,milford_haven,,1788296280000.0,,5.14175844192505
2026-09-01T21:21:41+00:00,area_trajectory,milford_haven,,1788296400000.0,,5.14175844192505
2026-09-01T21:21:41+00:00,area_trajectory,milford_haven,,1788296520000.0,,5.14175844192505
2026-09-01T21:21:41+00:00,area_trajectory,milford_haven,,1788296640000.0,,5.08804607391357
2026-09-01T21:21:41+00:00,area_trajectory,milford_haven,,1788296760000.0,,5.08804607391357
2026-09-01T21:21:41+00:00,area_trajectory,milford_haven,,1788296880000.0,,5.08804607391357
2026-09-01T21:21:41+00:00,area_trajectory,milford_haven,,1788297000000.0,,5.08804607391357
2026-09-01T21:21:41+00:00,area_trajectory,milford_haven,,1788297120000.0,,5.08804607391357
2026-09-01T21:21:41+00:00,area_trajectory,milford_haven,,1788297240000.0,,5.08804607391357
2026-09-01T21:21:41+00:00,area_trajectory,milford_haven,,1788297360000.0,,5.08804607391357
2026-09-01T21:21:41+00:00,area_trajectory,milford_haven,,1788297480000.0,,5.08804607391357
2026-09-01T21:21:41+00:00,area_trajectory,milford_haven,,1788297600000.0,,5.08804607391357
2026-09-01T21:21:41+00:00,area_trajectory,milford_haven,,1788297720000.0,,5.08804607391357
2026-09-01T21:21:41+00:00,area_trajectory,milford_haven,,1788297840000.0,,5.08804607391357
2026-09-01T21:21:41+00:00,area_trajectory,milford_haven,,1788297960000.0,,5.08804607391357
2026-09-01T21:21:41+00:00,area_trajectory,milford_haven,,1788298080000.0,,5.08804607391357
2026-09-01T21:21:41+00:00,area_trajectory,milford_haven,,1788298200000.0,,5.08804607391357
2026-09-01T21:21:41+00:00,area_trajectory,milford_haven,,1788298320000.0,,5.08804607391357
2026-09-01T21:21:41+00:00,area_trajectory,milford_haven,,1788298440000.0,,5.08804607391357
2026-09-01T21:21:41+00:00,area_trajectory,milford_haven,,1788298560000.0,,5.08804607391357
2026-09-01T21:21:41+00:00,area_trajectory,milford_haven,,1788298680000.0,,5.08804607391357
2026-09-01T21:21:41+00:00,area_trajectory,milford_haven,,1788298800000.0,,5.08804607391357
2026-09-01T21:21:41+00:00,area_trajectory,milford_haven,,1788298920000.0,,5.08804607391357
2026-09-01T21:21:41+00:00,area_trajectory,milford_haven,,1788299040000.0,,5.08804607391357
2026-09-01T21:21:41+00:00,area_trajectory,milford_haven,,1788299160000.0,,5.08804607391357
2026-09-01T21:21:41+00:00,area_trajectory,milford_haven,,1788299280000.0,,5.08804607391357
2026-09-01T21:21:41+00:00,area_trajectory,milford_haven,,1788299400000.0,,5.08804607391357
2026-09-01T21:21:41+00:00,area_trajectory,milford_haven,,1788299520000.0,,5.08804607391357
2026-09-01T21:21:41+00:00,area_trajectory,milford_haven,,1788299640000.0,,5.08804607391357
2026-09-01T21:21:41+00:00,area_trajectory,milford_haven,,1788299760000.0,,5.08804607391357
2026-09-01T21:21:41+00:00,area_trajectory,milford_haven,,1788299880000.0,,5.08804607391357
2026-09-01T21:21:41+00:00,area_trajectory,milford_haven,,1788300000000.0,,5.08804607391357
2026-09-01T21:21:41+00:00,area_trajectory,milford_haven,,1788300120000.0,,5.08804607391357
2026-09-01T21:21:41+00:00,area_trajectory,milford_haven,,1788300240000.0,,5.06851387023926
2026-09-01T21:21:41+00:00,area_trajectory,milford_haven,,1788300360000.0,,5.06851387023926
2026-09-01T21:21:41+00:00,area_trajectory,milford_haven,,1788300480000.0,,5.06851387023926
2026-09-01T21:21:41+00:00,area_trajectory,milford_haven,,1788300600000.0,,5.06851387023926
2026-09-01T21:21:41+00:00,subterminal_latest,grain,nts1,,22:00,0.00
2026-09-01T21:21:41+00:00,subterminal_latest,grain,nts1,,22:02,0.00
2026-09-01T21:21:41+00:00,subterminal_latest,grain,nts1,,22:04,0.00
2026-09-01T21:21:41+00:00,subterminal_latest,grain,nts1,,22:06,0.00
2026-09-01T21:21:41+00:00,subterminal_latest,grain,nts1,,22:08,0.00
2026-09-01T21:21:41+00:00,subterminal_latest,grain,nts1,,22:10,0.00
2026-09-01T21:21:41+00:00,subterminal_latest,grain,nts2,,22:00,0.00
2026-09-01T21:21:41+00:00,subterminal_latest,grain,nts2,,22:02,0.00
2026-09-01T21:21:41+00:00,subterminal_latest,grain,nts2,,22:04,0.00
2026-09-01T21:21:41+00:00,subterminal_latest,grain,nts2,,22:06,0.00
2026-09-01T21:21:41+00:00,subterminal_latest,grain,nts2,,22:08,0.00
2026-09-01T21:21:41+00:00,subterminal_latest,grain,nts2,,22:10,0.00
2026-09-01T21:21:41+00:00,subterminal_latest,dragon,,,22:00,0.00
2026-09-01T21:21:41+00:00,subterminal_latest,dragon,,,22:02,0.00
2026-09-01T21:21:41+00:00,subterminal_latest,dragon,,,22:04,0.00
2026-09-01T21:21:41+00:00,subterminal_latest,dragon,,,22:06,0.00
2026-09-01T21:21:41+00:00,subterminal_latest,dragon,,,22:08,0.00
2026-09-01T21:21:41+00:00,subterminal_latest,dragon,,,22:10,0.00
2026-09-01T21:21:41+00:00,subterminal_latest,south_hook,,,22:00,5.09
2026-09-01T21:21:41+00:00,subterminal_latest,south_hook,,,22:02,5.07
2026-09-01T21:21:41+00:00,subterminal_latest,south_hook,,,22:04,5.07
2026-09-01T21:21:41+00:00,subterminal_latest,south_hook,,,22:06,5.07
2026-09-01T21:21:41+00:00,subterminal_latest,south_hook,,,22:08,5.07
2026-09-01T21:21:41+00:00,subterminal_latest,south_hook,,,22:10,5.07
